[ {
  "id" : "37d8c710-b6de-11ea-a029-4702acae9beb-0",
  "name" : "CV_2020-04-20-095029.pdf",
  "createdDate" : 0,
  "text" : "\n\n\nABDUL ZAHEER\nzaheerabdul46@gmail.com\n8328139770\n32-34-6,opp srr college ,masid\nstreet,machavaram,vijayawada,krishna,ap,india,520004.\n Education\nVelagapudi Ramakrishna siddartha engineering college\n2021\nB.tech \n7.87/10\nSri Chaitanya RT bhavan\n2017\nIntermediate \n9.41/10\nNoble Kids English Medium high school\n2015\nSSC \n8.7/10\n Skills\nCommunication , Active listening , Team building , Decision making , Problem solving .\nMs office , Ms excel , Ms access .\nProgramming languages : C programming , C++ , Python , Java , R programming , Data structures .\nWeb development : HTML , CSS , PHP , Xml , javascript .\nMachine learning , Artificial intelligence , Network security , Cyber security , Big data , Software\nEngineering .\n Projects\nFOOD DONATION App development\nDeveloped an android application about food donation in android studios with authentication with\nfirebase and datastorage in firestore\nEarlier Prediction of SEPSIS.\nDome project on earlier Prediction of Sepsis by analysing the condition of the patient by Machine\nLearning Algorithm.\nThe Alarm Management and Analysis\nPrediction of Leakage of Gas from Gas pipelines by analysing the parameters and pressure in the\nGas pipelies through the Alarm Management and Analytics using Machine Learning Algorithm.\n Achievements & Awards\nDone Nptel certifications: Elite certification in - Problem solving through programming in c , Elite\ncertification in - The joy of computing using python , Elite certification in - Data science for\nengineers , Elite certification in - Innovation business models and entrepreneurship .\nABDUL ZAHEER\nGot 1st prize in ppt presentation about plastic wastage in college level events , Got 2nd prize in\nquiz conducted by CSI college student chapter events , Got 4th prize in pair programming in TECH\nBLOOM events conducted by CSI student chapter VRSEC.\nSelected in state level competition in application development in ITSSB conducted by APSSDC ,\nSelected for national level team project of SIH conducted by MHRD for the project on Sepsis and\nDesign of Alarm management and Analytics for detection of leakage of Gas fron the Gas pipelines .\nCertifications in coursera: Certified for the course AI for Everyone by DeepLearning.io , Certified by\nsuccessfully completing the course of How to write a resume (Project-centered course)by The\nState University of New York , Certified for the course Build a simple app in Android studios in Java\nby Rhyme.\n Language\nCan Read ,Write ,Speak and Understand - English,Hindi,Telugu.\n",
  "status" : "IN_PROGRESS",
  "modifiedDate" : 1593090971649
} ]