[ {
  "id" : "id-all",
  "name" : "All",
  "createdDate" : 0,
  "documents" : [ "37d8c710-b6de-11ea-a029-4702acae9beb-0" ],
  "type" : "ALL",
  "modifiedDate" : 0,
  "count" : 1
}, {
  "id" : "37d8c710-b6de-11ea-a029-4702acae9beb",
  "name" : "CV_2020-04-20-095029.pdf_set",
  "createdDate" : 1593087612417,
  "documents" : [ "37d8c710-b6de-11ea-a029-4702acae9beb-0" ],
  "type" : "SOURCE",
  "modifiedDate" : 1593087612417,
  "count" : 1
}, {
  "id" : "57389240-b6e6-11ea-a029-4702acae9beb",
  "name" : "Blind",
  "createdDate" : 1593091101028,
  "documents" : [ "37d8c710-b6de-11ea-a029-4702acae9beb-0" ],
  "type" : "BLIND",
  "modifiedDate" : 1593091101028,
  "count" : 1
} ]