[ {
  "id" : "37d8c710-b6de-11ea-a029-4702acae9beb-0",
  "name" : "CV_2020-04-20-095029.pdf",
  "createdDate" : 0,
  "text" : "\n\n\nABDUL ZAHEER\nzaheerabdul46@gmail.com\n8328139770\n32-34-6,opp srr college ,masid\nstreet,machavaram,vijayawada,krishna,ap,india,520004.\n Education\nVelagapudi Ramakrishna siddartha engineering college\n2021\nB.tech \n7.87/10\nSri Chaitanya RT bhavan\n2017\nIntermediate \n9.41/10\nNoble Kids English Medium high school\n2015\nSSC \n8.7/10\n Skills\nCommunication , Active listening , Team building , Decision making , Problem solving .\nMs office , Ms excel , Ms access .\nProgramming languages : C programming , C++ , Python , Java , R programming , Data structures .\nWeb development : HTML , CSS , PHP , Xml , javascript .\nMachine learning , Artificial intelligence , Network security , Cyber security , Big data , Software\nEngineering .\n Projects\nFOOD DONATION App development\nDeveloped an android application about food donation in android studios with authentication with\nfirebase and datastorage in firestore\nEarlier Prediction of SEPSIS.\nDome project on earlier Prediction of Sepsis by analysing the condition of the patient by Machine\nLearning Algorithm.\nThe Alarm Management and Analysis\nPrediction of Leakage of Gas from Gas pipelines by analysing the parameters and pressure in the\nGas pipelies through the Alarm Management and Analytics using Machine Learning Algorithm.\n Achievements & Awards\nDone Nptel certifications: Elite certification in - Problem solving through programming in c , Elite\ncertification in - The joy of computing using python , Elite certification in - Data science for\nengineers , Elite certification in - Innovation business models and entrepreneurship .\nABDUL ZAHEER\nGot 1st prize in ppt presentation about plastic wastage in college level events , Got 2nd prize in\nquiz conducted by CSI college student chapter events , Got 4th prize in pair programming in TECH\nBLOOM events conducted by CSI student chapter VRSEC.\nSelected in state level competition in application development in ITSSB conducted by APSSDC ,\nSelected for national level team project of SIH conducted by MHRD for the project on Sepsis and\nDesign of Alarm management and Analytics for detection of leakage of Gas fron the Gas pipelines .\nCertifications in coursera: Certified for the course AI for Everyone by DeepLearning.io , Certified by\nsuccessfully completing the course of How to write a resume (Project-centered course)by The\nState University of New York , Certified for the course Build a simple app in Android studios in Java\nby Rhyme.\n Language\nCan Read ,Write ,Speak and Understand - English,Hindi,Telugu.\n",
  "status" : "SUBMITTED",
  "modifiedDate" : 1594104248103
}, {
  "id" : "495f97c0-c011-11ea-8a36-857df501e0ff-0",
  "name" : "surendra_resume.docx",
  "createdDate" : 0,
  "text" : "\n                \t   \n\t             BODAPATI SURENDRA BABU\n                        Email       : surendrabodapati1@gmail.com\n                  Phone no :8919560291\n\n\n\n\n\tCAREER OBJECTIVE\n\n\n\nTo work for an organization that helps to improve me as a person and for the development of the organization\n\nPERSONAL PROFILE\nName                       \t\t: Bodapati Surendra Babu\nFather’s Name                  \t: Hanumantha rao\nMother’s Name                 \t: Subbayamma\nNationality\t\t   \t: Indian\nSex\t                             \t: Male\nLanguages known             \t: English, Telugu\nDate of Birth\t                \t: 26-10-1999\nAddress\t               \t: D no. 1-6, Ramalayam Road, Vempadu, Mundlamuru, Prakasham- 523265\n\n\n\tACADEMICS\n\n\n\n\n\tQualification\n\tInstitute\n\tBoard / University\n\tYear\n\t% / CGPA\n\n\tB-Tech\n\tV.R. Siddhartha Engineering College, Vijayawada\n\tJNTU Kakinada\n\t2019\n\t8.2/10\n\n\tXII\n\tSri Chaitanya, Guntur\n\tBoard of Intermediate Education Andhra Pradesh\n\t2017\n\t96.20%\n\n\tX\n\tSri Nagarjuna High School, Addanki\n\tSSC\n\t2015\n\t9.3/10\n\n\n\n\n\tTechnical Skills\n\n\n\n· C  & DS\n· C++\n· Python\n· ML & DL \n· Java (Core)\n· MySQL\n· HTML & CSS\n· R\n\tReference\n\n\n\n· Hacker Rank: www.hackerrank.com/Surendrabodapati\n\tPROJECTS\n\n\n\n\n\tPedestrian Motion Detection\n\tThis project is used to prevent accidents during night time. This project is implemented by using the OpenCV module in python. The main functionality  of this application is, provide information regarding the objection in motion in front of vehicles.\n\n\n\tFood Donation Interface\n\tThis is an interactive Android application that is used to provide the food to the people who are suffering from hunger implemented using FireBase.\n\n\tEarly Sepsis Diagnosis  \n\tIt is an Ensemble machine learning algorithm that takes the patient data and performs Time Series analysis to find whether a patient gets sepsis or not.\n\n\n\n\n\tCERTIFICATIONS\n\n\n\n· NPTEL - Problem Solving through C\n· NPTEL – Data Science using R\n· NPTEL – Practical Machine Learning Using Tensor Flow (Powered By Google)\n· INTERNSHALA  - Web Development \n\n\tRESEARCH\n\n\n\n· working on a research paper regarding LSTM’s and GRU’s (Deep Learning).\n\n\tACADEMIC ACHIEVEMENTS\n\n\n\n· Selected for Siddhartha Sahaya Merit scholarship sponsored by Siddhartha Academy.\n\n· Secured 2nd place in Awaken Entrepreneur in Pratiyogita(2019) conducted by ACM (association for computer machinery).\n· Secured 3rd place in TECH QUIZ in evolution(2019) conducted by CSI (computer society of India).\n· Secured 1st prize in both Relay Coding and Tech Quiz in Speranza(2020) conducted by ACM (association for computer machinery).\n· Secured 1st prize in Pair Programming in Tech Bloom(2020) Conducted by CSI (computer society of India).\n\n\n\t EXTRACURRICULAR ACHIEVEMENTS\n\n\n\n· Plastic Free Day 2019: Secured 1st prize for presenting paper on PLASTIC AWARENESS AND SOLUTION\n\n\n\n\n\tHOBBIES/INTERESTS\n\n\n\n· Social: Economy, International Relations, History, World News.\n· Personal: Playing Cricket, Cooking, Netflix.\n\n\n\n\tROLE MODEL\n\n\n\n· Chanakya.\n\n\n\tDECLARATION\n\n\n\nI hereby declare that the above-mentioned details are true to the best of my knowledge.\nDate: 13/12/2019\t\t\t\t\t\t\t\t\t\tSignature\nPlace: Vijayawada\t\t\t\t\t\t\t\t\t\tSurendra Bodapati\n",
  "status" : "SUBMITTED",
  "modifiedDate" : 1594104272633
}, {
  "id" : "4c878120-c010-11ea-8a36-857df501e0ff-0",
  "name" : "resume.pdf",
  "createdDate" : 0,
  "text" : "2021\n2017\n2015\nAbdul Zaheer\n32-34-6,opp srr college ,masid street,machavaram,vijayawada,krishna,ap,india,520004.\n8328139770 | zaheerabdul46@gmail.com\nEDUCATION\nVelagapudi Ramakrishna siddartha engineering college\nB.tech \n7.87/10\nSri Chaitanya RT bhavan\nIntermediate \n9.41/10\nNoble Kids English Medium high school\nSSC \n8.7/10\nSKILLS\nCommunication , Active listening , Team building , Decision making , Problem solving\n.\nMs office , Ms excel , Ms access .\nProgramming languages : C programming , C++ , Python , Java , R programming ,\nData structures .\nWeb development : HTML , CSS , PHP , Xml , javascript .\nMachine learning , Artificial intelligence , Network security , Cyber security , Big data ,\nSoftware Engineering .\nIBM cloud service: Watson Assistant , Watson Discovery , Node Red , Cloud Function\n.\nPROJECTS\nFOOD DONATION App development\nDeveloped an android application about food donation in android studios with\nauthentication with firebase and datastorage in firestore\nEarlier Prediction of SEPSIS.\nDome project on earlier Prediction of Sepsis by analysing the condition of the patient\nby Machine Learning Algorithm.\nThe Alarm Management and Analysis\nPrediction of Leakage of Gas from Gas pipelines by analysing the parameters and\npressure in the Gas pipelies through the Alarm Management and Analytics using\nMachine Learning Algorithm.\nIntelligent Customer Help Desk and Smart Document Understanding\nBuilding a chatbot which understands human queries and responds with relevent\nanswers for the asked questions .Smart Documention is the Watson Discovery\nservice which responds with the data relevent to the asked query from a given\ndocument.\nCustomer Segmentation using Data science\nData science project using k means algorithm for segmentation of customer data to\nanalyse the annual score and spending scires or different customers based on the\ngiven dataset.\nABDUL ZAHEER\nAI for Recruitment\nA chatbot which can be used for autonated Recruitment process which can be used\nas a HR for interviewing candidates .\nACHIEVEMENTS & AWARDS\nDone Nptel certifications: Elite certification in - Problem solving through\nprogramming in c , Elite certification in - The joy of computing using python , Elite\ncertification in - Data science for engineers , Elite certification in - Innovation\nbusiness models and entrepreneurship .\nGot 1st prize in ppt presentation about plastic wastage in college level events , Got\n2nd prize in quiz conducted by CSI college student chapter events , Got 4th prize in\npair programming in TECH BLOOM events conducted by CSI student chapter VRSEC.\nSelected in state level competition in application development in ITSSB conducted\nby APSSDC , Selected for national level team project of SIH conducted by MHRD for\nthe project on Sepsis and Design of Alarm management and Analytics for detection\nof leakage of Gas fron the Gas pipelines .\nCertifications in coursera: Python 3 Specialization offered by University of Michigan ,\nWeb Design for Everybody:Basics of Web Development & Coding Specialization\noffered by University of Michigan , Google IT Support Professional Certificate offered\nby Google , Cyber Security and Internet of Things offered by University System of\nGeorgia , AWS Fundamentals:Going Cloud-Native offered by Amazon Web Services ,\nAI for Everyone , Neural Networks and Deep Learning offered by deeplearning.io ,\nIntroduction to Git and GitHub offered by Google , Developing Android Apps with\nAppInventor offered by The Hong Kong University of Science and Technology , Build\na simple app in Android studios in Java offered by Rhyme , How to write a resume\n(Project-centered course) offered by The State University of New York .\nCertifications and Badges in Cognitiveclasses.ai courses offered by IBM Cloud: Node\nRed: basics to bot , Cloud Core , Machine Learning with Python , Data Science\nFoundations .\nLANGUAGE\nCan Read ,Write ,Speak and Understand - English,Hindi,Telugu.\nINTERESTS\nTravelling ,playing chess and Sports such as cricket ,volleyball ,badminton .\n",
  "status" : "SUBMITTED",
  "modifiedDate" : 1594104289715
}, {
  "id" : "c9e2a290-c019-11ea-8a36-857df501e0ff-0",
  "name" : "bhuvan_resume.docx",
  "createdDate" : 0,
  "text" : "\n                \t   \n\tBANDARUPALLI BHUVAN CHANDRA\n          Email       : bhuvanbandarupalli666@gmail.com\n       Phone no : 9398901896\n\n\t\n\n\n\n\n\n\n\n\n\nPERSONAL PROFILE\nName                       \t\t: Bandarupalli Bhuvan Chandra\nFather’s Name                  \t: B. Siva Koteswara Rao\nMother’s Name                 \t: B. Krishna Kumari\nNationality\t\t   \t: Indian\nSex\t                             \t: Male\nLanguages known             \t: English, Telugu\nDate of Birth\t                \t: 03-04-2000\nAddress\t: D no. 1-59, Panchayat Office Road, Abburu (V), Sattenapalli (M),                                                         Guntur (Dist), 522403\n\n\tACADEMICS\n\n\n\n\n\tQualification\n\tInstitute\n\tBoard / University\n\tYear\n\t% / CGPA\n\n\tB-Tech\n\tV.R. Siddhartha Engineering College, Vijayawada\n\tJNTU Kakinada\n\t2019\n\t9.20/10\n\n\tXII\n\tSri Chaitanya, Guntur\n\tBoard of Intermediate Education Andhra Pradesh\n\t2017\n\t96.50%\n\n\tX\n\tBhashyam Public School (BIITFA)-Guntur\n\tSSC\n\t2015\n\t9.5/10\n\n\n\n\tCAREER OBJECTIVE\n\n\n\nTo work for an organization that helps to improve myself as a person and for the development of the organization\n\n\n\tTechnical Skills\n\n\n\n· C  & DS\n· C++\n· Python\n· Java (Core)\n· MySQL\n· HTML & CSS\n· R\n\tReference\n\n\n\n· Hacker Rank: www.hackerrank.com/Bhuvanbandarupa1 \n\tPROJECTS\n\n\n\n\tGESTURE CONTROL\n\n2018\n\n\t· This project provides an interface for Arduino with Python and implements a simple project on controlling Arduino with Python Programming Language.Arduino is one of the most powerful open source electronics prototyping platform built around AVR Microcontrollers. Python, on the other hand, is one of the most widely used open source high level programming languages. \n· Combining Arduino and Python will open doors to a wide range of ideas, projects and combinations. One such application is the Internet – of – things or IOT, which requires features like Communication Interfaces like Serial, graphical user interfaces, web interfaces, data storage and many others.\n\n\tHIRED INN\n2019\n\t· Creation of an application for hiring people for different local paid works which includes  jobs\n\n\n\n\n\tCERTIFICATIONS\n\n\n\n· NPTEL - Problem Solving through C\n· NPTEL – Data Science using R\n· NPTEL – Business Analytics and Text Mining Modelling Using Python\n· NPTEL – Joy Of Computing Using Python\n· UDEMY  - HTML5& CSS3 Fundamentals\n· APSSDC –Game Development on Build Box \n· TCS CODEVITA –Qualified Round1 with rank of 2954\n\tACADEMIC ACHIEVEMENTS\n\n\n\n· Secured Branch top 1st rank once and 3rd rank twice \n\n· Secured 2nd place in awaken entrepreneur in pratiyogita conducted by ACM (association for computer machinery).\n· Secured 3rd place in TECH QUIZ in evolution conducted by CSI (computer society of India).\n\n\n\t EXTRACURRICULAR ACHIEVEMENTS\n\n\n\n· Participated in TIRUTSAVA-2019\n\n\n\tHOBBIES/INTERESTS\n\n\n\n· Social: Politics, History, World News.\n· Personal: Playing Cricket, Badminton, Volley Ball, Cooking, Reading News Paper.\n\n\tROLE MODEL\n\n\n\n· Brother\n\tDECLARATION\n\n\n\nI hereby declare that the above-mentioned details are true to the best of my knowledge.\n\nDate: 13/12/2019\t\t\t\t\t\t\t\t\t\tSignature\nPlace: Vijayawada\t\t\t\t\t\t\t\tBhuvan Chandra Bandarupalli\n",
  "status" : "SUBMITTED",
  "modifiedDate" : 1594104221830
} ]