{"entityTypes":[{"id":"735235a7-c190-41fc-a9eb-764b35478b96","label":"Awards","sireProp":{"mentionType":null,"subtypes":null,"roles":["735235a7-c190-41fc-a9eb-764b35478b96"],"clazz":null,"color":null,"hotkey":null,"backGroundColor":null,"active":true,"roleOnly":false},"creationDate":1594382836169,"source":null,"modifiedDate":0,"typeType":null,"typeClass":null,"typeVersion":null,"typeDesc":null,"typeSuperType":null,"typeSuperTypeId":null,"typeCreateDate":null,"typeUpdateDate":null,"typeProvenance":null,"alchemyAPITypes":null,"nluAPITypes":null},{"id":"e5c5204e-860b-42b8-8dad-f56dea01be57","label":"Internships","sireProp":{"mentionType":null,"subtypes":null,"roles":["e5c5204e-860b-42b8-8dad-f56dea01be57"],"clazz":null,"color":null,"hotkey":null,"backGroundColor":null,"active":true,"roleOnly":false},"creationDate":1594382783015,"source":null,"modifiedDate":0,"typeType":null,"typeClass":null,"typeVersion":null,"typeDesc":null,"typeSuperType":null,"typeSuperTypeId":null,"typeCreateDate":null,"typeUpdateDate":null,"typeProvenance":null,"alchemyAPITypes":null,"nluAPITypes":null},{"id":"6498b496-71cb-4539-940b-de2a1aa4aec9","label":"Academic_Skills","sireProp":{"mentionType":null,"subtypes":null,"roles":["6498b496-71cb-4539-940b-de2a1aa4aec9"],"clazz":null,"color":null,"hotkey":null,"backGroundColor":null,"active":true,"roleOnly":false},"creationDate":1594382594231,"source":null,"modifiedDate":0,"typeType":null,"typeClass":null,"typeVersion":null,"typeDesc":null,"typeSuperType":null,"typeSuperTypeId":null,"typeCreateDate":null,"typeUpdateDate":null,"typeProvenance":null,"alchemyAPITypes":null,"nluAPITypes":null},{"id":"a60e983a-9edd-4ead-ab9c-73ba61229b85","label":"Certifications","sireProp":{"mentionType":null,"subtypes":null,"roles":["a60e983a-9edd-4ead-ab9c-73ba61229b85"],"clazz":null,"color":null,"hotkey":null,"backGroundColor":null,"active":true,"roleOnly":false},"creationDate":1594382263192,"source":null,"modifiedDate":0,"typeType":null,"typeClass":null,"typeVersion":null,"typeDesc":null,"typeSuperType":null,"typeSuperTypeId":null,"typeCreateDate":null,"typeUpdateDate":null,"typeProvenance":null,"alchemyAPITypes":null,"nluAPITypes":null},{"id":"0bd239ab-0ee8-4d81-959d-0c459a20d38b","label":"Name","sireProp":{"mentionType":null,"subtypes":null,"roles":["0bd239ab-0ee8-4d81-959d-0c459a20d38b"],"clazz":null,"color":null,"hotkey":null,"backGroundColor":null,"active":true,"roleOnly":false},"creationDate":1593088156508,"source":null,"modifiedDate":0,"typeType":null,"typeClass":null,"typeVersion":null,"typeDesc":null,"typeSuperType":null,"typeSuperTypeId":null,"typeCreateDate":null,"typeUpdateDate":null,"typeProvenance":null,"alchemyAPITypes":null,"nluAPITypes":null},{"id":"6462a6c9-04a4-423d-854c-e48829b9fb35","label":"Activities","sireProp":{"mentionType":null,"subtypes":["Coordinator","Organizer"],"roles":["6462a6c9-04a4-423d-854c-e48829b9fb35"],"clazz":null,"color":null,"hotkey":null,"backGroundColor":null,"active":true,"roleOnly":false},"creationDate":1593088090341,"source":null,"modifiedDate":0,"typeType":null,"typeClass":null,"typeVersion":null,"typeDesc":null,"typeSuperType":null,"typeSuperTypeId":null,"typeCreateDate":null,"typeUpdateDate":null,"typeProvenance":null,"alchemyAPITypes":null,"nluAPITypes":null},{"id":"367684cb-76f0-4a09-b75b-2676f6635a25","label":"Languages","sireProp":{"mentionType":null,"subtypes":null,"roles":["367684cb-76f0-4a09-b75b-2676f6635a25"],"clazz":null,"color":null,"hotkey":null,"backGroundColor":null,"active":true,"roleOnly":false},"creationDate":1593087999399,"source":null,"modifiedDate":0,"typeType":null,"typeClass":null,"typeVersion":null,"typeDesc":null,"typeSuperType":null,"typeSuperTypeId":null,"typeCreateDate":null,"typeUpdateDate":null,"typeProvenance":null,"alchemyAPITypes":null,"nluAPITypes":null},{"id":"c00b2f6e-b11d-428e-885a-8474fdfb6a6c","label":"Achievements","sireProp":{"mentionType":null,"subtypes":["Certifications","Internships","Awards","Certificates","Participation"],"roles":["c00b2f6e-b11d-428e-885a-8474fdfb6a6c"],"clazz":null,"color":null,"hotkey":null,"backGroundColor":null,"active":true,"roleOnly":false},"creationDate":1593087960337,"source":null,"modifiedDate":0,"typeType":null,"typeClass":null,"typeVersion":null,"typeDesc":null,"typeSuperType":null,"typeSuperTypeId":null,"typeCreateDate":null,"typeUpdateDate":null,"typeProvenance":null,"alchemyAPITypes":null,"nluAPITypes":null},{"id":"fad9ad2b-ff34-4d10-92c0-b95009bbe5eb","label":"Projects","sireProp":{"mentionType":null,"subtypes":["Mini_Projects","Major_Projects","University_Projects","State_level_Project","National_level_Project","Global_Projects"],"roles":["fad9ad2b-ff34-4d10-92c0-b95009bbe5eb"],"clazz":null,"color":null,"hotkey":null,"backGroundColor":null,"active":true,"roleOnly":false},"creationDate":1593087883932,"source":null,"modifiedDate":0,"typeType":null,"typeClass":null,"typeVersion":null,"typeDesc":null,"typeSuperType":null,"typeSuperTypeId":null,"typeCreateDate":null,"typeUpdateDate":null,"typeProvenance":null,"alchemyAPITypes":null,"nluAPITypes":null},{"id":"65ff9a41-7e13-419f-8e21-572a79d8dd45","label":"skills","sireProp":{"mentionType":null,"subtypes":["Programming_Skills","Academic_Skills","Web_Development_Skills","Working_Skills","Soft_Skills","Communication_Skills"],"roles":["65ff9a41-7e13-419f-8e21-572a79d8dd45"],"clazz":null,"color":null,"hotkey":null,"backGroundColor":null,"active":true,"roleOnly":false},"creationDate":1593087464150,"source":null,"modifiedDate":0,"typeType":null,"typeClass":null,"typeVersion":null,"typeDesc":null,"typeSuperType":null,"typeSuperTypeId":null,"typeCreateDate":null,"typeUpdateDate":null,"typeProvenance":null,"alchemyAPITypes":null,"nluAPITypes":null},{"id":"c1d089ad-95db-4c61-8728-830017f82bdb","label":"Education","sireProp":{"mentionType":null,"subtypes":["Field_of_study","Name_of_the_school","Location_of_School","Year_of_passing_school","Grades_in_School","Name_of_Intermediate_Education_Institute","Year_of_passing_Intermediate","Grades_in_Intermediate","Location_of_Intermediate_institution","Graduation_Institute_Name","Location_of_graduation_institute","Grades_in_Graduation","Year_of_passing_Graduation"],"roles":["c1d089ad-95db-4c61-8728-830017f82bdb"],"clazz":null,"color":null,"hotkey":null,"backGroundColor":null,"active":true,"roleOnly":false},"creationDate":1593087149485,"source":null,"modifiedDate":0,"typeType":null,"typeClass":null,"typeVersion":null,"typeDesc":null,"typeSuperType":null,"typeSuperTypeId":null,"typeCreateDate":null,"typeUpdateDate":null,"typeProvenance":null,"alchemyAPITypes":null,"nluAPITypes":null},{"id":"95f4cc32-1cf0-4484-a661-0bd884c8a118","label":"Personal_Details","sireProp":{"mentionType":null,"subtypes":["Name","Age","Address","Email","PhoneNumber","Date_of_Birth","Gender","Photo"],"roles":["95f4cc32-1cf0-4484-a661-0bd884c8a118"],"clazz":null,"color":null,"hotkey":null,"backGroundColor":null,"active":true,"roleOnly":false},"creationDate":1593086806686,"source":null,"modifiedDate":0,"typeType":null,"typeClass":null,"typeVersion":null,"typeDesc":null,"typeSuperType":null,"typeSuperTypeId":null,"typeCreateDate":null,"typeUpdateDate":null,"typeProvenance":null,"alchemyAPITypes":null,"nluAPITypes":null}],"relationshipTypes":[{"id":"760c73d6-cf17-43fe-a5f7-c304a45fd759","srcEntType":"6462a6c9-04a4-423d-854c-e48829b9fb35","tgtEntType":"0bd239ab-0ee8-4d81-959d-0c459a20d38b","label":"organised_by","sireProp":{"tense":null,"modality":null,"clazz":null,"backGroundColor":null,"color":null,"hotkey":null,"active":true},"creationDate":1593088190289,"source":null,"typeType":null,"typeClass":null,"typeVersion":null,"typeDesc":null,"typeSuperType":null,"typeCreateDate":null,"typeUpdateDate":null,"typeProvenance":null,"modifiedDate":0},{"id":"0e686f09-02a5-4306-bd32-63d0b312e3ee","srcEntType":"c00b2f6e-b11d-428e-885a-8474fdfb6a6c","tgtEntType":"0bd239ab-0ee8-4d81-959d-0c459a20d38b","label":"Achieved_By","sireProp":{"tense":null,"modality":null,"clazz":null,"backGroundColor":null,"color":null,"hotkey":null,"active":true},"creationDate":1593088209277,"source":null,"typeType":null,"typeClass":null,"typeVersion":null,"typeDesc":null,"typeSuperType":null,"typeCreateDate":null,"typeUpdateDate":null,"typeProvenance":null,"modifiedDate":0},{"id":"34c9ebef-1c07-4047-bc6a-cec7ab195cea","srcEntType":"fad9ad2b-ff34-4d10-92c0-b95009bbe5eb","tgtEntType":"0bd239ab-0ee8-4d81-959d-0c459a20d38b","label":"Done_By","sireProp":{"tense":null,"modality":null,"clazz":null,"backGroundColor":null,"color":null,"hotkey":null,"active":true},"creationDate":1593088225424,"source":null,"typeType":null,"typeClass":null,"typeVersion":null,"typeDesc":null,"typeSuperType":null,"typeCreateDate":null,"typeUpdateDate":null,"typeProvenance":null,"modifiedDate":0},{"id":"963efcd4-7488-421a-824d-6fc4a546e029","srcEntType":"c1d089ad-95db-4c61-8728-830017f82bdb","tgtEntType":"0bd239ab-0ee8-4d81-959d-0c459a20d38b","label":"Pursuied_By","sireProp":{"tense":null,"modality":null,"clazz":null,"backGroundColor":null,"color":null,"hotkey":null,"active":true},"creationDate":1593088256475,"source":null,"typeType":null,"typeClass":null,"typeVersion":null,"typeDesc":null,"typeSuperType":null,"typeCreateDate":null,"typeUpdateDate":null,"typeProvenance":null,"modifiedDate":0}],"sireInfo":{"entityProp":{"mentionType":[{"color":"white","hotkey":"1","backGroundColor":"#AA00FF","name":"NAM"},{"color":"black","hotkey":"2","backGroundColor":"#00FF7F","name":"NOM"},{"color":"black","hotkey":"3","backGroundColor":"#AAFFFF","name":"PRO"},{"color":"white","hotkey":"4","backGroundColor":"gray","name":"NONE"}],"subtypes":null,"roles":null,"clazz":[{"color":"#A5A5A5","hotkey":"3","backGroundColor":"white","name":"SPC"},{"color":"black","hotkey":"2","backGroundColor":"#00FF7F","name":"NEG"},{"color":"black","hotkey":"1","backGroundColor":"#AAFFFF","name":"GEN"}],"color":null,"hotkey":null,"backGroundColor":null,"active":true,"roleOnly":false},"relationProp":null},"functionalEntityTypes":[{"id":"CATCH_ALL_ENTITY_ID","label":"*","sireProp":{"mentionType":null,"subtypes":null,"roles":null,"clazz":null,"color":null,"hotkey":null,"backGroundColor":null,"active":true,"roleOnly":false},"creationDate":1593084292768,"source":null,"modifiedDate":0,"typeType":null,"typeClass":null,"typeVersion":null,"typeDesc":null,"typeSuperType":null,"typeSuperTypeId":null,"typeCreateDate":null,"typeUpdateDate":null,"typeProvenance":null,"alchemyAPITypes":null,"nluAPITypes":null}],"pid":"7cdb60f0-b6d6-11ea-a029-4702acae9beb","modified_date":1594382836169,"kgimported":false}