[ {
  "id" : "id-all",
  "name" : "All",
  "createdDate" : 0,
  "documents" : [ "37d8c710-b6de-11ea-a029-4702acae9beb-0", "495f97c0-c011-11ea-8a36-857df501e0ff-0", "4c878120-c010-11ea-8a36-857df501e0ff-0", "c9e2a290-c019-11ea-8a36-857df501e0ff-0" ],
  "type" : "ALL",
  "modifiedDate" : 0,
  "count" : 4
}, {
  "id" : "37d8c710-b6de-11ea-a029-4702acae9beb",
  "name" : "CV_2020-04-20-095029.pdf_set",
  "createdDate" : 1593087612417,
  "documents" : [ "37d8c710-b6de-11ea-a029-4702acae9beb-0" ],
  "type" : "SOURCE",
  "modifiedDate" : 1593087612417,
  "count" : 1
}, {
  "id" : "4c878120-c010-11ea-8a36-857df501e0ff",
  "name" : "resume.pdf_set",
  "createdDate" : 1594098682418,
  "documents" : [ "4c878120-c010-11ea-8a36-857df501e0ff-0" ],
  "type" : "SOURCE",
  "modifiedDate" : 1594098682418,
  "count" : 1
}, {
  "id" : "495f97c0-c011-11ea-8a36-857df501e0ff",
  "name" : "resume1.pdf_set",
  "createdDate" : 1594099106620,
  "documents" : [ "495f97c0-c011-11ea-8a36-857df501e0ff-0" ],
  "type" : "SOURCE",
  "modifiedDate" : 1594465621213,
  "count" : 1
}, {
  "id" : "c9e2a290-c019-11ea-8a36-857df501e0ff",
  "name" : "resume2.pdf_set",
  "createdDate" : 1594102758201,
  "documents" : [ "c9e2a290-c019-11ea-8a36-857df501e0ff-0" ],
  "type" : "SOURCE",
  "modifiedDate" : 1594465606834,
  "count" : 1
}, {
  "id" : "e2eaaff0-c01c-11ea-acee-217ff3ca79f6",
  "name" : "set1",
  "createdDate" : 1594104088687,
  "documents" : [ "37d8c710-b6de-11ea-a029-4702acae9beb-0", "495f97c0-c011-11ea-8a36-857df501e0ff-0", "4c878120-c010-11ea-8a36-857df501e0ff-0" ],
  "type" : "ASSIGNMENT",
  "annotator" : "178w1a1260@vrsiddhartha.ac.in",
  "modifiedDate" : 1594104088687,
  "count" : 3
}, {
  "id" : "e2eaaff1-c01c-11ea-acee-217ff3ca79f6",
  "name" : "set2",
  "createdDate" : 1594104088687,
  "documents" : [ "37d8c710-b6de-11ea-a029-4702acae9beb-0", "c9e2a290-c019-11ea-8a36-857df501e0ff-0" ],
  "type" : "ASSIGNMENT",
  "annotator" : "178w1a1260@vrsiddhartha.ac.in",
  "modifiedDate" : 1594104088687,
  "count" : 2
}, {
  "id" : "80f7c770-c020-11ea-b4c4-873b00b909ef",
  "name" : "Training",
  "createdDate" : 1594105642343,
  "documents" : [ "37d8c710-b6de-11ea-a029-4702acae9beb-0" ],
  "type" : "TRAINING",
  "modifiedDate" : 1594105642343,
  "count" : 1
}, {
  "id" : "80f9c340-c020-11ea-b4c4-873b00b909ef",
  "name" : "Blind",
  "createdDate" : 1594105642343,
  "documents" : [ "c9e2a290-c019-11ea-8a36-857df501e0ff-0" ],
  "type" : "BLIND",
  "modifiedDate" : 1594105642343,
  "count" : 1
} ]