{
  "id" : "495f97c0-c011-11ea-8a36-857df501e0ff-0",
  "name" : "surendra_resume.docx",
  "createdDate" : 0,
  "version" : 3,
  "text" : "\n                \t   \n\t             BODAPATI SURENDRA BABU\n                        Email       : surendrabodapati1@gmail.com\n                  Phone no :8919560291\n\n\n\n\n\tCAREER OBJECTIVE\n\n\n\nTo work for an organization that helps to improve me as a person and for the development of the organization\n\nPERSONAL PROFILE\nName                       \t\t: Bodapati Surendra Babu\nFather’s Name                  \t: Hanumantha rao\nMother’s Name                 \t: Subbayamma\nNationality\t\t   \t: Indian\nSex\t                             \t: Male\nLanguages known             \t: English, Telugu\nDate of Birth\t                \t: 26-10-1999\nAddress\t               \t: D no. 1-6, Ramalayam Road, Vempadu, Mundlamuru, Prakasham- 523265\n\n\n\tACADEMICS\n\n\n\n\n\tQualification\n\tInstitute\n\tBoard / University\n\tYear\n\t% / CGPA\n\n\tB-Tech\n\tV.R. Siddhartha Engineering College, Vijayawada\n\tJNTU Kakinada\n\t2019\n\t8.2/10\n\n\tXII\n\tSri Chaitanya, Guntur\n\tBoard of Intermediate Education Andhra Pradesh\n\t2017\n\t96.20%\n\n\tX\n\tSri Nagarjuna High School, Addanki\n\tSSC\n\t2015\n\t9.3/10\n\n\n\n\n\tTechnical Skills\n\n\n\n· C  & DS\n· C++\n· Python\n· ML & DL \n· Java (Core)\n· MySQL\n· HTML & CSS\n· R\n\tReference\n\n\n\n· Hacker Rank: www.hackerrank.com/Surendrabodapati\n\tPROJECTS\n\n\n\n\n\tPedestrian Motion Detection\n\tThis project is used to prevent accidents during night time. This project is implemented by using the OpenCV module in python. The main functionality  of this application is, provide information regarding the objection in motion in front of vehicles.\n\n\n\tFood Donation Interface\n\tThis is an interactive Android application that is used to provide the food to the people who are suffering from hunger implemented using FireBase.\n\n\tEarly Sepsis Diagnosis  \n\tIt is an Ensemble machine learning algorithm that takes the patient data and performs Time Series analysis to find whether a patient gets sepsis or not.\n\n\n\n\n\tCERTIFICATIONS\n\n\n\n· NPTEL - Problem Solving through C\n· NPTEL – Data Science using R\n· NPTEL – Practical Machine Learning Using Tensor Flow (Powered By Google)\n· INTERNSHALA  - Web Development \n\n\tRESEARCH\n\n\n\n· working on a research paper regarding LSTM’s and GRU’s (Deep Learning).\n\n\tACADEMIC ACHIEVEMENTS\n\n\n\n· Selected for Siddhartha Sahaya Merit scholarship sponsored by Siddhartha Academy.\n\n· Secured 2nd place in Awaken Entrepreneur in Pratiyogita(2019) conducted by ACM (association for computer machinery).\n· Secured 3rd place in TECH QUIZ in evolution(2019) conducted by CSI (computer society of India).\n· Secured 1st prize in both Relay Coding and Tech Quiz in Speranza(2020) conducted by ACM (association for computer machinery).\n· Secured 1st prize in Pair Programming in Tech Bloom(2020) Conducted by CSI (computer society of India).\n\n\n\t EXTRACURRICULAR ACHIEVEMENTS\n\n\n\n· Plastic Free Day 2019: Secured 1st prize for presenting paper on PLASTIC AWARENESS AND SOLUTION\n\n\n\n\n\tHOBBIES/INTERESTS\n\n\n\n· Social: Economy, International Relations, History, World News.\n· Personal: Playing Cricket, Cooking, Netflix.\n\n\n\n\tROLE MODEL\n\n\n\n· Chanakya.\n\n\n\tDECLARATION\n\n\n\nI hereby declare that the above-mentioned details are true to the best of my knowledge.\nDate: 13/12/2019\t\t\t\t\t\t\t\t\t\tSignature\nPlace: Vijayawada\t\t\t\t\t\t\t\t\t\tSurendra Bodapati\n",
  "docLength" : 0,
  "language" : "EN",
  "status" : "SUBMITTED",
  "modifiedDate" : 1594104272633,
  "documentSet" : [ ],
  "preannotation" : [ ],
  "sentences" : [ {
    "id" : "s0",
    "begin" : 36,
    "end" : 163,
    "text" : "BODAPATI SURENDRA BABU\n                        Email       : surendrabodapati1@gmail.com\n                  Phone no :8919560291",
    "tokens" : [ {
      "id" : "s0-t0",
      "begin" : 36,
      "end" : 44,
      "text" : "BODAPATI",
      "whiteSpace" : false
    }, {
      "id" : "s0-t1",
      "begin" : 45,
      "end" : 53,
      "text" : "SURENDRA",
      "whiteSpace" : false
    }, {
      "id" : "s0-t2",
      "begin" : 54,
      "end" : 58,
      "text" : "BABU",
      "whiteSpace" : false
    }, {
      "id" : "s0-t3",
      "begin" : 83,
      "end" : 88,
      "text" : "Email",
      "whiteSpace" : false
    }, {
      "id" : "s0-t4",
      "begin" : 95,
      "end" : 96,
      "text" : ":",
      "whiteSpace" : false
    }, {
      "id" : "s0-t5",
      "begin" : 97,
      "end" : 124,
      "text" : "surendrabodapati1@gmail.com",
      "whiteSpace" : false
    }, {
      "id" : "s0-t6",
      "begin" : 143,
      "end" : 148,
      "text" : "Phone",
      "whiteSpace" : false
    }, {
      "id" : "s0-t7",
      "begin" : 149,
      "end" : 151,
      "text" : "no",
      "whiteSpace" : false
    }, {
      "id" : "s0-t8",
      "begin" : 152,
      "end" : 153,
      "text" : ":",
      "whiteSpace" : false
    }, {
      "id" : "s0-t9",
      "begin" : 153,
      "end" : 163,
      "text" : "8919560291",
      "whiteSpace" : false
    } ]
  }, {
    "id" : "s1",
    "begin" : 169,
    "end" : 185,
    "text" : "CAREER OBJECTIVE",
    "tokens" : [ {
      "id" : "s1-t0",
      "begin" : 169,
      "end" : 175,
      "text" : "CAREER",
      "whiteSpace" : false
    }, {
      "id" : "s1-t1",
      "begin" : 176,
      "end" : 185,
      "text" : "OBJECTIVE",
      "whiteSpace" : false
    } ]
  }, {
    "id" : "s2",
    "begin" : 189,
    "end" : 297,
    "text" : "To work for an organization that helps to improve me as a person and for the development of the organization",
    "tokens" : [ {
      "id" : "s2-t0",
      "begin" : 189,
      "end" : 191,
      "text" : "To",
      "whiteSpace" : false
    }, {
      "id" : "s2-t1",
      "begin" : 192,
      "end" : 196,
      "text" : "work",
      "whiteSpace" : false
    }, {
      "id" : "s2-t2",
      "begin" : 197,
      "end" : 200,
      "text" : "for",
      "whiteSpace" : false
    }, {
      "id" : "s2-t3",
      "begin" : 201,
      "end" : 203,
      "text" : "an",
      "whiteSpace" : false
    }, {
      "id" : "s2-t4",
      "begin" : 204,
      "end" : 216,
      "text" : "organization",
      "whiteSpace" : false
    }, {
      "id" : "s2-t5",
      "begin" : 217,
      "end" : 221,
      "text" : "that",
      "whiteSpace" : false
    }, {
      "id" : "s2-t6",
      "begin" : 222,
      "end" : 227,
      "text" : "helps",
      "whiteSpace" : false
    }, {
      "id" : "s2-t7",
      "begin" : 228,
      "end" : 230,
      "text" : "to",
      "whiteSpace" : false
    }, {
      "id" : "s2-t8",
      "begin" : 231,
      "end" : 238,
      "text" : "improve",
      "whiteSpace" : false
    }, {
      "id" : "s2-t9",
      "begin" : 239,
      "end" : 241,
      "text" : "me",
      "whiteSpace" : false
    }, {
      "id" : "s2-t10",
      "begin" : 242,
      "end" : 244,
      "text" : "as",
      "whiteSpace" : false
    }, {
      "id" : "s2-t11",
      "begin" : 245,
      "end" : 246,
      "text" : "a",
      "whiteSpace" : false
    }, {
      "id" : "s2-t12",
      "begin" : 247,
      "end" : 253,
      "text" : "person",
      "whiteSpace" : false
    }, {
      "id" : "s2-t13",
      "begin" : 254,
      "end" : 257,
      "text" : "and",
      "whiteSpace" : false
    }, {
      "id" : "s2-t14",
      "begin" : 258,
      "end" : 261,
      "text" : "for",
      "whiteSpace" : false
    }, {
      "id" : "s2-t15",
      "begin" : 262,
      "end" : 265,
      "text" : "the",
      "whiteSpace" : false
    }, {
      "id" : "s2-t16",
      "begin" : 266,
      "end" : 277,
      "text" : "development",
      "whiteSpace" : false
    }, {
      "id" : "s2-t17",
      "begin" : 278,
      "end" : 280,
      "text" : "of",
      "whiteSpace" : false
    }, {
      "id" : "s2-t18",
      "begin" : 281,
      "end" : 284,
      "text" : "the",
      "whiteSpace" : false
    }, {
      "id" : "s2-t19",
      "begin" : 285,
      "end" : 297,
      "text" : "organization",
      "whiteSpace" : false
    } ]
  }, {
    "id" : "s3",
    "begin" : 299,
    "end" : 652,
    "text" : "PERSONAL PROFILE\nName                       \t\t: Bodapati Surendra Babu\nFather’s Name                  \t: Hanumantha rao\nMother’s Name                 \t: Subbayamma\nNationality\t\t   \t: Indian\nSex\t                             \t: Male\nLanguages known             \t: English, Telugu\nDate of Birth\t                \t: 26-10-1999\nAddress\t               \t: D no.",
    "tokens" : [ {
      "id" : "s3-t0",
      "begin" : 299,
      "end" : 307,
      "text" : "PERSONAL",
      "whiteSpace" : false
    }, {
      "id" : "s3-t1",
      "begin" : 308,
      "end" : 315,
      "text" : "PROFILE",
      "whiteSpace" : false
    }, {
      "id" : "s3-t2",
      "begin" : 316,
      "end" : 320,
      "text" : "Name",
      "whiteSpace" : false
    }, {
      "id" : "s3-t3",
      "begin" : 345,
      "end" : 346,
      "text" : ":",
      "whiteSpace" : false
    }, {
      "id" : "s3-t4",
      "begin" : 347,
      "end" : 355,
      "text" : "Bodapati",
      "whiteSpace" : false
    }, {
      "id" : "s3-t5",
      "begin" : 356,
      "end" : 364,
      "text" : "Surendra",
      "whiteSpace" : false
    }, {
      "id" : "s3-t6",
      "begin" : 365,
      "end" : 369,
      "text" : "Babu",
      "whiteSpace" : false
    }, {
      "id" : "s3-t7",
      "begin" : 370,
      "end" : 376,
      "text" : "Father",
      "whiteSpace" : false
    }, {
      "id" : "s3-t8",
      "begin" : 376,
      "end" : 378,
      "text" : "’s",
      "whiteSpace" : false
    }, {
      "id" : "s3-t9",
      "begin" : 379,
      "end" : 383,
      "text" : "Name",
      "whiteSpace" : false
    }, {
      "id" : "s3-t10",
      "begin" : 402,
      "end" : 403,
      "text" : ":",
      "whiteSpace" : false
    }, {
      "id" : "s3-t11",
      "begin" : 404,
      "end" : 414,
      "text" : "Hanumantha",
      "whiteSpace" : false
    }, {
      "id" : "s3-t12",
      "begin" : 415,
      "end" : 418,
      "text" : "rao",
      "whiteSpace" : false
    }, {
      "id" : "s3-t13",
      "begin" : 419,
      "end" : 425,
      "text" : "Mother",
      "whiteSpace" : false
    }, {
      "id" : "s3-t14",
      "begin" : 425,
      "end" : 427,
      "text" : "’s",
      "whiteSpace" : false
    }, {
      "id" : "s3-t15",
      "begin" : 428,
      "end" : 432,
      "text" : "Name",
      "whiteSpace" : false
    }, {
      "id" : "s3-t16",
      "begin" : 450,
      "end" : 451,
      "text" : ":",
      "whiteSpace" : false
    }, {
      "id" : "s3-t17",
      "begin" : 452,
      "end" : 462,
      "text" : "Subbayamma",
      "whiteSpace" : false
    }, {
      "id" : "s3-t18",
      "begin" : 463,
      "end" : 474,
      "text" : "Nationality",
      "whiteSpace" : false
    }, {
      "id" : "s3-t19",
      "begin" : 480,
      "end" : 481,
      "text" : ":",
      "whiteSpace" : false
    }, {
      "id" : "s3-t20",
      "begin" : 482,
      "end" : 488,
      "text" : "Indian",
      "whiteSpace" : false
    }, {
      "id" : "s3-t21",
      "begin" : 489,
      "end" : 492,
      "text" : "Sex",
      "whiteSpace" : false
    }, {
      "id" : "s3-t22",
      "begin" : 523,
      "end" : 524,
      "text" : ":",
      "whiteSpace" : false
    }, {
      "id" : "s3-t23",
      "begin" : 525,
      "end" : 529,
      "text" : "Male",
      "whiteSpace" : false
    }, {
      "id" : "s3-t24",
      "begin" : 530,
      "end" : 539,
      "text" : "Languages",
      "whiteSpace" : false
    }, {
      "id" : "s3-t25",
      "begin" : 540,
      "end" : 545,
      "text" : "known",
      "whiteSpace" : false
    }, {
      "id" : "s3-t26",
      "begin" : 559,
      "end" : 560,
      "text" : ":",
      "whiteSpace" : false
    }, {
      "id" : "s3-t27",
      "begin" : 561,
      "end" : 568,
      "text" : "English",
      "whiteSpace" : false
    }, {
      "id" : "s3-t28",
      "begin" : 568,
      "end" : 569,
      "text" : ",",
      "whiteSpace" : false
    }, {
      "id" : "s3-t29",
      "begin" : 570,
      "end" : 576,
      "text" : "Telugu",
      "whiteSpace" : false
    }, {
      "id" : "s3-t30",
      "begin" : 577,
      "end" : 581,
      "text" : "Date",
      "whiteSpace" : false
    }, {
      "id" : "s3-t31",
      "begin" : 582,
      "end" : 584,
      "text" : "of",
      "whiteSpace" : false
    }, {
      "id" : "s3-t32",
      "begin" : 585,
      "end" : 590,
      "text" : "Birth",
      "whiteSpace" : false
    }, {
      "id" : "s3-t33",
      "begin" : 608,
      "end" : 609,
      "text" : ":",
      "whiteSpace" : false
    }, {
      "id" : "s3-t34",
      "begin" : 610,
      "end" : 620,
      "text" : "26-10-1999",
      "whiteSpace" : false
    }, {
      "id" : "s3-t35",
      "begin" : 621,
      "end" : 628,
      "text" : "Address",
      "whiteSpace" : false
    }, {
      "id" : "s3-t36",
      "begin" : 645,
      "end" : 646,
      "text" : ":",
      "whiteSpace" : false
    }, {
      "id" : "s3-t37",
      "begin" : 647,
      "end" : 648,
      "text" : "D",
      "whiteSpace" : false
    }, {
      "id" : "s3-t38",
      "begin" : 649,
      "end" : 651,
      "text" : "no",
      "whiteSpace" : false
    }, {
      "id" : "s3-t39",
      "begin" : 651,
      "end" : 652,
      "text" : ".",
      "whiteSpace" : false
    } ]
  }, {
    "id" : "s4",
    "begin" : 653,
    "end" : 712,
    "text" : "1-6, Ramalayam Road, Vempadu, Mundlamuru, Prakasham- 523265",
    "tokens" : [ {
      "id" : "s4-t0",
      "begin" : 653,
      "end" : 656,
      "text" : "1-6",
      "whiteSpace" : false
    }, {
      "id" : "s4-t1",
      "begin" : 656,
      "end" : 657,
      "text" : ",",
      "whiteSpace" : false
    }, {
      "id" : "s4-t2",
      "begin" : 658,
      "end" : 667,
      "text" : "Ramalayam",
      "whiteSpace" : false
    }, {
      "id" : "s4-t3",
      "begin" : 668,
      "end" : 672,
      "text" : "Road",
      "whiteSpace" : false
    }, {
      "id" : "s4-t4",
      "begin" : 672,
      "end" : 673,
      "text" : ",",
      "whiteSpace" : false
    }, {
      "id" : "s4-t5",
      "begin" : 674,
      "end" : 681,
      "text" : "Vempadu",
      "whiteSpace" : false
    }, {
      "id" : "s4-t6",
      "begin" : 681,
      "end" : 682,
      "text" : ",",
      "whiteSpace" : false
    }, {
      "id" : "s4-t7",
      "begin" : 683,
      "end" : 693,
      "text" : "Mundlamuru",
      "whiteSpace" : false
    }, {
      "id" : "s4-t8",
      "begin" : 693,
      "end" : 694,
      "text" : ",",
      "whiteSpace" : false
    }, {
      "id" : "s4-t9",
      "begin" : 695,
      "end" : 705,
      "text" : "Prakasham-",
      "whiteSpace" : false
    }, {
      "id" : "s4-t10",
      "begin" : 706,
      "end" : 712,
      "text" : "523265",
      "whiteSpace" : false
    } ]
  }, {
    "id" : "s5",
    "begin" : 716,
    "end" : 725,
    "text" : "ACADEMICS",
    "tokens" : [ {
      "id" : "s5-t0",
      "begin" : 716,
      "end" : 725,
      "text" : "ACADEMICS",
      "whiteSpace" : false
    } ]
  }, {
    "id" : "s6",
    "begin" : 731,
    "end" : 791,
    "text" : "Qualification\n\tInstitute\n\tBoard / University\n\tYear\n\t% / CGPA",
    "tokens" : [ {
      "id" : "s6-t0",
      "begin" : 731,
      "end" : 744,
      "text" : "Qualification",
      "whiteSpace" : false
    }, {
      "id" : "s6-t1",
      "begin" : 746,
      "end" : 755,
      "text" : "Institute",
      "whiteSpace" : false
    }, {
      "id" : "s6-t2",
      "begin" : 757,
      "end" : 762,
      "text" : "Board",
      "whiteSpace" : false
    }, {
      "id" : "s6-t3",
      "begin" : 763,
      "end" : 764,
      "text" : "/",
      "whiteSpace" : false
    }, {
      "id" : "s6-t4",
      "begin" : 765,
      "end" : 775,
      "text" : "University",
      "whiteSpace" : false
    }, {
      "id" : "s6-t5",
      "begin" : 777,
      "end" : 781,
      "text" : "Year",
      "whiteSpace" : false
    }, {
      "id" : "s6-t6",
      "begin" : 783,
      "end" : 784,
      "text" : "%",
      "whiteSpace" : false
    }, {
      "id" : "s6-t7",
      "begin" : 785,
      "end" : 786,
      "text" : "/",
      "whiteSpace" : false
    }, {
      "id" : "s6-t8",
      "begin" : 787,
      "end" : 791,
      "text" : "CGPA",
      "whiteSpace" : false
    } ]
  }, {
    "id" : "s7",
    "begin" : 794,
    "end" : 878,
    "text" : "B-Tech\n\tV.R. Siddhartha Engineering College, Vijayawada\n\tJNTU Kakinada\n\t2019\n\t8.2/10",
    "tokens" : [ {
      "id" : "s7-t0",
      "begin" : 794,
      "end" : 795,
      "text" : "B",
      "whiteSpace" : false
    }, {
      "id" : "s7-t1",
      "begin" : 795,
      "end" : 796,
      "text" : "-",
      "whiteSpace" : false
    }, {
      "id" : "s7-t2",
      "begin" : 796,
      "end" : 800,
      "text" : "Tech",
      "whiteSpace" : false
    }, {
      "id" : "s7-t3",
      "begin" : 802,
      "end" : 806,
      "text" : "V.R.",
      "whiteSpace" : false
    }, {
      "id" : "s7-t4",
      "begin" : 807,
      "end" : 817,
      "text" : "Siddhartha",
      "whiteSpace" : false
    }, {
      "id" : "s7-t5",
      "begin" : 818,
      "end" : 829,
      "text" : "Engineering",
      "whiteSpace" : false
    }, {
      "id" : "s7-t6",
      "begin" : 830,
      "end" : 837,
      "text" : "College",
      "whiteSpace" : false
    }, {
      "id" : "s7-t7",
      "begin" : 837,
      "end" : 838,
      "text" : ",",
      "whiteSpace" : false
    }, {
      "id" : "s7-t8",
      "begin" : 839,
      "end" : 849,
      "text" : "Vijayawada",
      "whiteSpace" : false
    }, {
      "id" : "s7-t9",
      "begin" : 851,
      "end" : 855,
      "text" : "JNTU",
      "whiteSpace" : false
    }, {
      "id" : "s7-t10",
      "begin" : 856,
      "end" : 864,
      "text" : "Kakinada",
      "whiteSpace" : false
    }, {
      "id" : "s7-t11",
      "begin" : 866,
      "end" : 870,
      "text" : "2019",
      "whiteSpace" : false
    }, {
      "id" : "s7-t12",
      "begin" : 872,
      "end" : 876,
      "text" : "8.2/",
      "whiteSpace" : false
    }, {
      "id" : "s7-t13",
      "begin" : 876,
      "end" : 878,
      "text" : "10",
      "whiteSpace" : false
    } ]
  }, {
    "id" : "s8",
    "begin" : 881,
    "end" : 969,
    "text" : "XII\n\tSri Chaitanya, Guntur\n\tBoard of Intermediate Education Andhra Pradesh\n\t2017\n\t96.20%",
    "tokens" : [ {
      "id" : "s8-t0",
      "begin" : 881,
      "end" : 884,
      "text" : "XII",
      "whiteSpace" : false
    }, {
      "id" : "s8-t1",
      "begin" : 886,
      "end" : 889,
      "text" : "Sri",
      "whiteSpace" : false
    }, {
      "id" : "s8-t2",
      "begin" : 890,
      "end" : 899,
      "text" : "Chaitanya",
      "whiteSpace" : false
    }, {
      "id" : "s8-t3",
      "begin" : 899,
      "end" : 900,
      "text" : ",",
      "whiteSpace" : false
    }, {
      "id" : "s8-t4",
      "begin" : 901,
      "end" : 907,
      "text" : "Guntur",
      "whiteSpace" : false
    }, {
      "id" : "s8-t5",
      "begin" : 909,
      "end" : 914,
      "text" : "Board",
      "whiteSpace" : false
    }, {
      "id" : "s8-t6",
      "begin" : 915,
      "end" : 917,
      "text" : "of",
      "whiteSpace" : false
    }, {
      "id" : "s8-t7",
      "begin" : 918,
      "end" : 930,
      "text" : "Intermediate",
      "whiteSpace" : false
    }, {
      "id" : "s8-t8",
      "begin" : 931,
      "end" : 940,
      "text" : "Education",
      "whiteSpace" : false
    }, {
      "id" : "s8-t9",
      "begin" : 941,
      "end" : 947,
      "text" : "Andhra",
      "whiteSpace" : false
    }, {
      "id" : "s8-t10",
      "begin" : 948,
      "end" : 955,
      "text" : "Pradesh",
      "whiteSpace" : false
    }, {
      "id" : "s8-t11",
      "begin" : 957,
      "end" : 961,
      "text" : "2017",
      "whiteSpace" : false
    }, {
      "id" : "s8-t12",
      "begin" : 963,
      "end" : 968,
      "text" : "96.20",
      "whiteSpace" : false
    }, {
      "id" : "s8-t13",
      "begin" : 968,
      "end" : 969,
      "text" : "%",
      "whiteSpace" : false
    } ]
  }, {
    "id" : "s9",
    "begin" : 972,
    "end" : 1028,
    "text" : "X\n\tSri Nagarjuna High School, Addanki\n\tSSC\n\t2015\n\t9.3/10",
    "tokens" : [ {
      "id" : "s9-t0",
      "begin" : 972,
      "end" : 973,
      "text" : "X",
      "whiteSpace" : false
    }, {
      "id" : "s9-t1",
      "begin" : 975,
      "end" : 978,
      "text" : "Sri",
      "whiteSpace" : false
    }, {
      "id" : "s9-t2",
      "begin" : 979,
      "end" : 988,
      "text" : "Nagarjuna",
      "whiteSpace" : false
    }, {
      "id" : "s9-t3",
      "begin" : 989,
      "end" : 993,
      "text" : "High",
      "whiteSpace" : false
    }, {
      "id" : "s9-t4",
      "begin" : 994,
      "end" : 1000,
      "text" : "School",
      "whiteSpace" : false
    }, {
      "id" : "s9-t5",
      "begin" : 1000,
      "end" : 1001,
      "text" : ",",
      "whiteSpace" : false
    }, {
      "id" : "s9-t6",
      "begin" : 1002,
      "end" : 1009,
      "text" : "Addanki",
      "whiteSpace" : false
    }, {
      "id" : "s9-t7",
      "begin" : 1011,
      "end" : 1014,
      "text" : "SSC",
      "whiteSpace" : false
    }, {
      "id" : "s9-t8",
      "begin" : 1016,
      "end" : 1020,
      "text" : "2015",
      "whiteSpace" : false
    }, {
      "id" : "s9-t9",
      "begin" : 1022,
      "end" : 1026,
      "text" : "9.3/",
      "whiteSpace" : false
    }, {
      "id" : "s9-t10",
      "begin" : 1026,
      "end" : 1028,
      "text" : "10",
      "whiteSpace" : false
    } ]
  }, {
    "id" : "s10",
    "begin" : 1034,
    "end" : 1050,
    "text" : "Technical Skills",
    "tokens" : [ {
      "id" : "s10-t0",
      "begin" : 1034,
      "end" : 1043,
      "text" : "Technical",
      "whiteSpace" : false
    }, {
      "id" : "s10-t1",
      "begin" : 1044,
      "end" : 1050,
      "text" : "Skills",
      "whiteSpace" : false
    } ]
  }, {
    "id" : "s11",
    "begin" : 1054,
    "end" : 1139,
    "text" : "· C  & DS\n· C++\n· Python\n· ML & DL \n· Java (Core)\n· MySQL\n· HTML & CSS\n· R\n\tReference",
    "tokens" : [ {
      "id" : "s11-t0",
      "begin" : 1054,
      "end" : 1055,
      "text" : "·",
      "whiteSpace" : false
    }, {
      "id" : "s11-t1",
      "begin" : 1056,
      "end" : 1057,
      "text" : "C",
      "whiteSpace" : false
    }, {
      "id" : "s11-t2",
      "begin" : 1059,
      "end" : 1060,
      "text" : "&",
      "whiteSpace" : false
    }, {
      "id" : "s11-t3",
      "begin" : 1061,
      "end" : 1063,
      "text" : "DS",
      "whiteSpace" : false
    }, {
      "id" : "s11-t4",
      "begin" : 1064,
      "end" : 1065,
      "text" : "·",
      "whiteSpace" : false
    }, {
      "id" : "s11-t5",
      "begin" : 1066,
      "end" : 1069,
      "text" : "C++",
      "whiteSpace" : false
    }, {
      "id" : "s11-t6",
      "begin" : 1070,
      "end" : 1071,
      "text" : "·",
      "whiteSpace" : false
    }, {
      "id" : "s11-t7",
      "begin" : 1072,
      "end" : 1078,
      "text" : "Python",
      "whiteSpace" : false
    }, {
      "id" : "s11-t8",
      "begin" : 1079,
      "end" : 1080,
      "text" : "·",
      "whiteSpace" : false
    }, {
      "id" : "s11-t9",
      "begin" : 1081,
      "end" : 1083,
      "text" : "ML",
      "whiteSpace" : false
    }, {
      "id" : "s11-t10",
      "begin" : 1084,
      "end" : 1085,
      "text" : "&",
      "whiteSpace" : false
    }, {
      "id" : "s11-t11",
      "begin" : 1086,
      "end" : 1088,
      "text" : "DL",
      "whiteSpace" : false
    }, {
      "id" : "s11-t12",
      "begin" : 1090,
      "end" : 1091,
      "text" : "·",
      "whiteSpace" : false
    }, {
      "id" : "s11-t13",
      "begin" : 1092,
      "end" : 1096,
      "text" : "Java",
      "whiteSpace" : false
    }, {
      "id" : "s11-t14",
      "begin" : 1097,
      "end" : 1098,
      "text" : "(",
      "whiteSpace" : false
    }, {
      "id" : "s11-t15",
      "begin" : 1098,
      "end" : 1102,
      "text" : "Core",
      "whiteSpace" : false
    }, {
      "id" : "s11-t16",
      "begin" : 1102,
      "end" : 1103,
      "text" : ")",
      "whiteSpace" : false
    }, {
      "id" : "s11-t17",
      "begin" : 1104,
      "end" : 1105,
      "text" : "·",
      "whiteSpace" : false
    }, {
      "id" : "s11-t18",
      "begin" : 1106,
      "end" : 1111,
      "text" : "MySQL",
      "whiteSpace" : false
    }, {
      "id" : "s11-t19",
      "begin" : 1112,
      "end" : 1113,
      "text" : "·",
      "whiteSpace" : false
    }, {
      "id" : "s11-t20",
      "begin" : 1114,
      "end" : 1118,
      "text" : "HTML",
      "whiteSpace" : false
    }, {
      "id" : "s11-t21",
      "begin" : 1119,
      "end" : 1120,
      "text" : "&",
      "whiteSpace" : false
    }, {
      "id" : "s11-t22",
      "begin" : 1121,
      "end" : 1124,
      "text" : "CSS",
      "whiteSpace" : false
    }, {
      "id" : "s11-t23",
      "begin" : 1125,
      "end" : 1126,
      "text" : "·",
      "whiteSpace" : false
    }, {
      "id" : "s11-t24",
      "begin" : 1127,
      "end" : 1128,
      "text" : "R",
      "whiteSpace" : false
    }, {
      "id" : "s11-t25",
      "begin" : 1130,
      "end" : 1139,
      "text" : "Reference",
      "whiteSpace" : false
    } ]
  }, {
    "id" : "s12",
    "begin" : 1143,
    "end" : 1203,
    "text" : "· Hacker Rank: www.hackerrank.com/Surendrabodapati\n\tPROJECTS",
    "tokens" : [ {
      "id" : "s12-t0",
      "begin" : 1143,
      "end" : 1144,
      "text" : "·",
      "whiteSpace" : false
    }, {
      "id" : "s12-t1",
      "begin" : 1145,
      "end" : 1151,
      "text" : "Hacker",
      "whiteSpace" : false
    }, {
      "id" : "s12-t2",
      "begin" : 1152,
      "end" : 1156,
      "text" : "Rank",
      "whiteSpace" : false
    }, {
      "id" : "s12-t3",
      "begin" : 1156,
      "end" : 1157,
      "text" : ":",
      "whiteSpace" : false
    }, {
      "id" : "s12-t4",
      "begin" : 1158,
      "end" : 1193,
      "text" : "www.hackerrank.com/Surendrabodapati",
      "whiteSpace" : false
    }, {
      "id" : "s12-t5",
      "begin" : 1195,
      "end" : 1203,
      "text" : "PROJECTS",
      "whiteSpace" : false
    } ]
  }, {
    "id" : "s13",
    "begin" : 1209,
    "end" : 1298,
    "text" : "Pedestrian Motion Detection\n\tThis project is used to prevent accidents during night time.",
    "tokens" : [ {
      "id" : "s13-t0",
      "begin" : 1209,
      "end" : 1219,
      "text" : "Pedestrian",
      "whiteSpace" : false
    }, {
      "id" : "s13-t1",
      "begin" : 1220,
      "end" : 1226,
      "text" : "Motion",
      "whiteSpace" : false
    }, {
      "id" : "s13-t2",
      "begin" : 1227,
      "end" : 1236,
      "text" : "Detection",
      "whiteSpace" : false
    }, {
      "id" : "s13-t3",
      "begin" : 1238,
      "end" : 1242,
      "text" : "This",
      "whiteSpace" : false
    }, {
      "id" : "s13-t4",
      "begin" : 1243,
      "end" : 1250,
      "text" : "project",
      "whiteSpace" : false
    }, {
      "id" : "s13-t5",
      "begin" : 1251,
      "end" : 1253,
      "text" : "is",
      "whiteSpace" : false
    }, {
      "id" : "s13-t6",
      "begin" : 1254,
      "end" : 1258,
      "text" : "used",
      "whiteSpace" : false
    }, {
      "id" : "s13-t7",
      "begin" : 1259,
      "end" : 1261,
      "text" : "to",
      "whiteSpace" : false
    }, {
      "id" : "s13-t8",
      "begin" : 1262,
      "end" : 1269,
      "text" : "prevent",
      "whiteSpace" : false
    }, {
      "id" : "s13-t9",
      "begin" : 1270,
      "end" : 1279,
      "text" : "accidents",
      "whiteSpace" : false
    }, {
      "id" : "s13-t10",
      "begin" : 1280,
      "end" : 1286,
      "text" : "during",
      "whiteSpace" : false
    }, {
      "id" : "s13-t11",
      "begin" : 1287,
      "end" : 1292,
      "text" : "night",
      "whiteSpace" : false
    }, {
      "id" : "s13-t12",
      "begin" : 1293,
      "end" : 1297,
      "text" : "time",
      "whiteSpace" : false
    }, {
      "id" : "s13-t13",
      "begin" : 1297,
      "end" : 1298,
      "text" : ".",
      "whiteSpace" : false
    } ]
  }, {
    "id" : "s14",
    "begin" : 1299,
    "end" : 1364,
    "text" : "This project is implemented by using the OpenCV module in python.",
    "tokens" : [ {
      "id" : "s14-t0",
      "begin" : 1299,
      "end" : 1303,
      "text" : "This",
      "whiteSpace" : false
    }, {
      "id" : "s14-t1",
      "begin" : 1304,
      "end" : 1311,
      "text" : "project",
      "whiteSpace" : false
    }, {
      "id" : "s14-t2",
      "begin" : 1312,
      "end" : 1314,
      "text" : "is",
      "whiteSpace" : false
    }, {
      "id" : "s14-t3",
      "begin" : 1315,
      "end" : 1326,
      "text" : "implemented",
      "whiteSpace" : false
    }, {
      "id" : "s14-t4",
      "begin" : 1327,
      "end" : 1329,
      "text" : "by",
      "whiteSpace" : false
    }, {
      "id" : "s14-t5",
      "begin" : 1330,
      "end" : 1335,
      "text" : "using",
      "whiteSpace" : false
    }, {
      "id" : "s14-t6",
      "begin" : 1336,
      "end" : 1339,
      "text" : "the",
      "whiteSpace" : false
    }, {
      "id" : "s14-t7",
      "begin" : 1340,
      "end" : 1346,
      "text" : "OpenCV",
      "whiteSpace" : false
    }, {
      "id" : "s14-t8",
      "begin" : 1347,
      "end" : 1353,
      "text" : "module",
      "whiteSpace" : false
    }, {
      "id" : "s14-t9",
      "begin" : 1354,
      "end" : 1356,
      "text" : "in",
      "whiteSpace" : false
    }, {
      "id" : "s14-t10",
      "begin" : 1357,
      "end" : 1363,
      "text" : "python",
      "whiteSpace" : false
    }, {
      "id" : "s14-t11",
      "begin" : 1363,
      "end" : 1364,
      "text" : ".",
      "whiteSpace" : false
    } ]
  }, {
    "id" : "s15",
    "begin" : 1365,
    "end" : 1488,
    "text" : "The main functionality  of this application is, provide information regarding the objection in motion in front of vehicles.",
    "tokens" : [ {
      "id" : "s15-t0",
      "begin" : 1365,
      "end" : 1368,
      "text" : "The",
      "whiteSpace" : false
    }, {
      "id" : "s15-t1",
      "begin" : 1369,
      "end" : 1373,
      "text" : "main",
      "whiteSpace" : false
    }, {
      "id" : "s15-t2",
      "begin" : 1374,
      "end" : 1387,
      "text" : "functionality",
      "whiteSpace" : false
    }, {
      "id" : "s15-t3",
      "begin" : 1389,
      "end" : 1391,
      "text" : "of",
      "whiteSpace" : false
    }, {
      "id" : "s15-t4",
      "begin" : 1392,
      "end" : 1396,
      "text" : "this",
      "whiteSpace" : false
    }, {
      "id" : "s15-t5",
      "begin" : 1397,
      "end" : 1408,
      "text" : "application",
      "whiteSpace" : false
    }, {
      "id" : "s15-t6",
      "begin" : 1409,
      "end" : 1411,
      "text" : "is",
      "whiteSpace" : false
    }, {
      "id" : "s15-t7",
      "begin" : 1411,
      "end" : 1412,
      "text" : ",",
      "whiteSpace" : false
    }, {
      "id" : "s15-t8",
      "begin" : 1413,
      "end" : 1420,
      "text" : "provide",
      "whiteSpace" : false
    }, {
      "id" : "s15-t9",
      "begin" : 1421,
      "end" : 1432,
      "text" : "information",
      "whiteSpace" : false
    }, {
      "id" : "s15-t10",
      "begin" : 1433,
      "end" : 1442,
      "text" : "regarding",
      "whiteSpace" : false
    }, {
      "id" : "s15-t11",
      "begin" : 1443,
      "end" : 1446,
      "text" : "the",
      "whiteSpace" : false
    }, {
      "id" : "s15-t12",
      "begin" : 1447,
      "end" : 1456,
      "text" : "objection",
      "whiteSpace" : false
    }, {
      "id" : "s15-t13",
      "begin" : 1457,
      "end" : 1459,
      "text" : "in",
      "whiteSpace" : false
    }, {
      "id" : "s15-t14",
      "begin" : 1460,
      "end" : 1466,
      "text" : "motion",
      "whiteSpace" : false
    }, {
      "id" : "s15-t15",
      "begin" : 1467,
      "end" : 1469,
      "text" : "in",
      "whiteSpace" : false
    }, {
      "id" : "s15-t16",
      "begin" : 1470,
      "end" : 1475,
      "text" : "front",
      "whiteSpace" : false
    }, {
      "id" : "s15-t17",
      "begin" : 1476,
      "end" : 1478,
      "text" : "of",
      "whiteSpace" : false
    }, {
      "id" : "s15-t18",
      "begin" : 1479,
      "end" : 1487,
      "text" : "vehicles",
      "whiteSpace" : false
    }, {
      "id" : "s15-t19",
      "begin" : 1487,
      "end" : 1488,
      "text" : ".",
      "whiteSpace" : false
    } ]
  }, {
    "id" : "s16",
    "begin" : 1492,
    "end" : 1664,
    "text" : "Food Donation Interface\n\tThis is an interactive Android application that is used to provide the food to the people who are suffering from hunger implemented using FireBase.",
    "tokens" : [ {
      "id" : "s16-t0",
      "begin" : 1492,
      "end" : 1496,
      "text" : "Food",
      "whiteSpace" : false
    }, {
      "id" : "s16-t1",
      "begin" : 1497,
      "end" : 1505,
      "text" : "Donation",
      "whiteSpace" : false
    }, {
      "id" : "s16-t2",
      "begin" : 1506,
      "end" : 1515,
      "text" : "Interface",
      "whiteSpace" : false
    }, {
      "id" : "s16-t3",
      "begin" : 1517,
      "end" : 1521,
      "text" : "This",
      "whiteSpace" : false
    }, {
      "id" : "s16-t4",
      "begin" : 1522,
      "end" : 1524,
      "text" : "is",
      "whiteSpace" : false
    }, {
      "id" : "s16-t5",
      "begin" : 1525,
      "end" : 1527,
      "text" : "an",
      "whiteSpace" : false
    }, {
      "id" : "s16-t6",
      "begin" : 1528,
      "end" : 1539,
      "text" : "interactive",
      "whiteSpace" : false
    }, {
      "id" : "s16-t7",
      "begin" : 1540,
      "end" : 1547,
      "text" : "Android",
      "whiteSpace" : false
    }, {
      "id" : "s16-t8",
      "begin" : 1548,
      "end" : 1559,
      "text" : "application",
      "whiteSpace" : false
    }, {
      "id" : "s16-t9",
      "begin" : 1560,
      "end" : 1564,
      "text" : "that",
      "whiteSpace" : false
    }, {
      "id" : "s16-t10",
      "begin" : 1565,
      "end" : 1567,
      "text" : "is",
      "whiteSpace" : false
    }, {
      "id" : "s16-t11",
      "begin" : 1568,
      "end" : 1572,
      "text" : "used",
      "whiteSpace" : false
    }, {
      "id" : "s16-t12",
      "begin" : 1573,
      "end" : 1575,
      "text" : "to",
      "whiteSpace" : false
    }, {
      "id" : "s16-t13",
      "begin" : 1576,
      "end" : 1583,
      "text" : "provide",
      "whiteSpace" : false
    }, {
      "id" : "s16-t14",
      "begin" : 1584,
      "end" : 1587,
      "text" : "the",
      "whiteSpace" : false
    }, {
      "id" : "s16-t15",
      "begin" : 1588,
      "end" : 1592,
      "text" : "food",
      "whiteSpace" : false
    }, {
      "id" : "s16-t16",
      "begin" : 1593,
      "end" : 1595,
      "text" : "to",
      "whiteSpace" : false
    }, {
      "id" : "s16-t17",
      "begin" : 1596,
      "end" : 1599,
      "text" : "the",
      "whiteSpace" : false
    }, {
      "id" : "s16-t18",
      "begin" : 1600,
      "end" : 1606,
      "text" : "people",
      "whiteSpace" : false
    }, {
      "id" : "s16-t19",
      "begin" : 1607,
      "end" : 1610,
      "text" : "who",
      "whiteSpace" : false
    }, {
      "id" : "s16-t20",
      "begin" : 1611,
      "end" : 1614,
      "text" : "are",
      "whiteSpace" : false
    }, {
      "id" : "s16-t21",
      "begin" : 1615,
      "end" : 1624,
      "text" : "suffering",
      "whiteSpace" : false
    }, {
      "id" : "s16-t22",
      "begin" : 1625,
      "end" : 1629,
      "text" : "from",
      "whiteSpace" : false
    }, {
      "id" : "s16-t23",
      "begin" : 1630,
      "end" : 1636,
      "text" : "hunger",
      "whiteSpace" : false
    }, {
      "id" : "s16-t24",
      "begin" : 1637,
      "end" : 1648,
      "text" : "implemented",
      "whiteSpace" : false
    }, {
      "id" : "s16-t25",
      "begin" : 1649,
      "end" : 1654,
      "text" : "using",
      "whiteSpace" : false
    }, {
      "id" : "s16-t26",
      "begin" : 1655,
      "end" : 1663,
      "text" : "FireBase",
      "whiteSpace" : false
    }, {
      "id" : "s16-t27",
      "begin" : 1663,
      "end" : 1664,
      "text" : ".",
      "whiteSpace" : false
    } ]
  }, {
    "id" : "s17",
    "begin" : 1667,
    "end" : 1845,
    "text" : "Early Sepsis Diagnosis  \n\tIt is an Ensemble machine learning algorithm that takes the patient data and performs Time Series analysis to find whether a patient gets sepsis or not.",
    "tokens" : [ {
      "id" : "s17-t0",
      "begin" : 1667,
      "end" : 1672,
      "text" : "Early",
      "whiteSpace" : false
    }, {
      "id" : "s17-t1",
      "begin" : 1673,
      "end" : 1679,
      "text" : "Sepsis",
      "whiteSpace" : false
    }, {
      "id" : "s17-t2",
      "begin" : 1680,
      "end" : 1689,
      "text" : "Diagnosis",
      "whiteSpace" : false
    }, {
      "id" : "s17-t3",
      "begin" : 1693,
      "end" : 1695,
      "text" : "It",
      "whiteSpace" : false
    }, {
      "id" : "s17-t4",
      "begin" : 1696,
      "end" : 1698,
      "text" : "is",
      "whiteSpace" : false
    }, {
      "id" : "s17-t5",
      "begin" : 1699,
      "end" : 1701,
      "text" : "an",
      "whiteSpace" : false
    }, {
      "id" : "s17-t6",
      "begin" : 1702,
      "end" : 1710,
      "text" : "Ensemble",
      "whiteSpace" : false
    }, {
      "id" : "s17-t7",
      "begin" : 1711,
      "end" : 1718,
      "text" : "machine",
      "whiteSpace" : false
    }, {
      "id" : "s17-t8",
      "begin" : 1719,
      "end" : 1727,
      "text" : "learning",
      "whiteSpace" : false
    }, {
      "id" : "s17-t9",
      "begin" : 1728,
      "end" : 1737,
      "text" : "algorithm",
      "whiteSpace" : false
    }, {
      "id" : "s17-t10",
      "begin" : 1738,
      "end" : 1742,
      "text" : "that",
      "whiteSpace" : false
    }, {
      "id" : "s17-t11",
      "begin" : 1743,
      "end" : 1748,
      "text" : "takes",
      "whiteSpace" : false
    }, {
      "id" : "s17-t12",
      "begin" : 1749,
      "end" : 1752,
      "text" : "the",
      "whiteSpace" : false
    }, {
      "id" : "s17-t13",
      "begin" : 1753,
      "end" : 1760,
      "text" : "patient",
      "whiteSpace" : false
    }, {
      "id" : "s17-t14",
      "begin" : 1761,
      "end" : 1765,
      "text" : "data",
      "whiteSpace" : false
    }, {
      "id" : "s17-t15",
      "begin" : 1766,
      "end" : 1769,
      "text" : "and",
      "whiteSpace" : false
    }, {
      "id" : "s17-t16",
      "begin" : 1770,
      "end" : 1778,
      "text" : "performs",
      "whiteSpace" : false
    }, {
      "id" : "s17-t17",
      "begin" : 1779,
      "end" : 1783,
      "text" : "Time",
      "whiteSpace" : false
    }, {
      "id" : "s17-t18",
      "begin" : 1784,
      "end" : 1790,
      "text" : "Series",
      "whiteSpace" : false
    }, {
      "id" : "s17-t19",
      "begin" : 1791,
      "end" : 1799,
      "text" : "analysis",
      "whiteSpace" : false
    }, {
      "id" : "s17-t20",
      "begin" : 1800,
      "end" : 1802,
      "text" : "to",
      "whiteSpace" : false
    }, {
      "id" : "s17-t21",
      "begin" : 1803,
      "end" : 1807,
      "text" : "find",
      "whiteSpace" : false
    }, {
      "id" : "s17-t22",
      "begin" : 1808,
      "end" : 1815,
      "text" : "whether",
      "whiteSpace" : false
    }, {
      "id" : "s17-t23",
      "begin" : 1816,
      "end" : 1817,
      "text" : "a",
      "whiteSpace" : false
    }, {
      "id" : "s17-t24",
      "begin" : 1818,
      "end" : 1825,
      "text" : "patient",
      "whiteSpace" : false
    }, {
      "id" : "s17-t25",
      "begin" : 1826,
      "end" : 1830,
      "text" : "gets",
      "whiteSpace" : false
    }, {
      "id" : "s17-t26",
      "begin" : 1831,
      "end" : 1837,
      "text" : "sepsis",
      "whiteSpace" : false
    }, {
      "id" : "s17-t27",
      "begin" : 1838,
      "end" : 1840,
      "text" : "or",
      "whiteSpace" : false
    }, {
      "id" : "s17-t28",
      "begin" : 1841,
      "end" : 1844,
      "text" : "not",
      "whiteSpace" : false
    }, {
      "id" : "s17-t29",
      "begin" : 1844,
      "end" : 1845,
      "text" : ".",
      "whiteSpace" : false
    } ]
  }, {
    "id" : "s18",
    "begin" : 1851,
    "end" : 1865,
    "text" : "CERTIFICATIONS",
    "tokens" : [ {
      "id" : "s18-t0",
      "begin" : 1851,
      "end" : 1865,
      "text" : "CERTIFICATIONS",
      "whiteSpace" : false
    } ]
  }, {
    "id" : "s19",
    "begin" : 1869,
    "end" : 2043,
    "text" : "· NPTEL - Problem Solving through C\n· NPTEL – Data Science using R\n· NPTEL – Practical Machine Learning Using Tensor Flow (Powered By Google)\n· INTERNSHALA  - Web Development",
    "tokens" : [ {
      "id" : "s19-t0",
      "begin" : 1869,
      "end" : 1870,
      "text" : "·",
      "whiteSpace" : false
    }, {
      "id" : "s19-t1",
      "begin" : 1871,
      "end" : 1876,
      "text" : "NPTEL",
      "whiteSpace" : false
    }, {
      "id" : "s19-t2",
      "begin" : 1877,
      "end" : 1878,
      "text" : "-",
      "whiteSpace" : false
    }, {
      "id" : "s19-t3",
      "begin" : 1879,
      "end" : 1886,
      "text" : "Problem",
      "whiteSpace" : false
    }, {
      "id" : "s19-t4",
      "begin" : 1887,
      "end" : 1894,
      "text" : "Solving",
      "whiteSpace" : false
    }, {
      "id" : "s19-t5",
      "begin" : 1895,
      "end" : 1902,
      "text" : "through",
      "whiteSpace" : false
    }, {
      "id" : "s19-t6",
      "begin" : 1903,
      "end" : 1904,
      "text" : "C",
      "whiteSpace" : false
    }, {
      "id" : "s19-t7",
      "begin" : 1905,
      "end" : 1906,
      "text" : "·",
      "whiteSpace" : false
    }, {
      "id" : "s19-t8",
      "begin" : 1907,
      "end" : 1912,
      "text" : "NPTEL",
      "whiteSpace" : false
    }, {
      "id" : "s19-t9",
      "begin" : 1913,
      "end" : 1914,
      "text" : "–",
      "whiteSpace" : false
    }, {
      "id" : "s19-t10",
      "begin" : 1915,
      "end" : 1919,
      "text" : "Data",
      "whiteSpace" : false
    }, {
      "id" : "s19-t11",
      "begin" : 1920,
      "end" : 1927,
      "text" : "Science",
      "whiteSpace" : false
    }, {
      "id" : "s19-t12",
      "begin" : 1928,
      "end" : 1933,
      "text" : "using",
      "whiteSpace" : false
    }, {
      "id" : "s19-t13",
      "begin" : 1934,
      "end" : 1935,
      "text" : "R",
      "whiteSpace" : false
    }, {
      "id" : "s19-t14",
      "begin" : 1936,
      "end" : 1937,
      "text" : "·",
      "whiteSpace" : false
    }, {
      "id" : "s19-t15",
      "begin" : 1938,
      "end" : 1943,
      "text" : "NPTEL",
      "whiteSpace" : false
    }, {
      "id" : "s19-t16",
      "begin" : 1944,
      "end" : 1945,
      "text" : "–",
      "whiteSpace" : false
    }, {
      "id" : "s19-t17",
      "begin" : 1946,
      "end" : 1955,
      "text" : "Practical",
      "whiteSpace" : false
    }, {
      "id" : "s19-t18",
      "begin" : 1956,
      "end" : 1963,
      "text" : "Machine",
      "whiteSpace" : false
    }, {
      "id" : "s19-t19",
      "begin" : 1964,
      "end" : 1972,
      "text" : "Learning",
      "whiteSpace" : false
    }, {
      "id" : "s19-t20",
      "begin" : 1973,
      "end" : 1978,
      "text" : "Using",
      "whiteSpace" : false
    }, {
      "id" : "s19-t21",
      "begin" : 1979,
      "end" : 1985,
      "text" : "Tensor",
      "whiteSpace" : false
    }, {
      "id" : "s19-t22",
      "begin" : 1986,
      "end" : 1990,
      "text" : "Flow",
      "whiteSpace" : false
    }, {
      "id" : "s19-t23",
      "begin" : 1991,
      "end" : 1992,
      "text" : "(",
      "whiteSpace" : false
    }, {
      "id" : "s19-t24",
      "begin" : 1992,
      "end" : 1999,
      "text" : "Powered",
      "whiteSpace" : false
    }, {
      "id" : "s19-t25",
      "begin" : 2000,
      "end" : 2002,
      "text" : "By",
      "whiteSpace" : false
    }, {
      "id" : "s19-t26",
      "begin" : 2003,
      "end" : 2009,
      "text" : "Google",
      "whiteSpace" : false
    }, {
      "id" : "s19-t27",
      "begin" : 2009,
      "end" : 2010,
      "text" : ")",
      "whiteSpace" : false
    }, {
      "id" : "s19-t28",
      "begin" : 2011,
      "end" : 2012,
      "text" : "·",
      "whiteSpace" : false
    }, {
      "id" : "s19-t29",
      "begin" : 2013,
      "end" : 2024,
      "text" : "INTERNSHALA",
      "whiteSpace" : false
    }, {
      "id" : "s19-t30",
      "begin" : 2026,
      "end" : 2027,
      "text" : "-",
      "whiteSpace" : false
    }, {
      "id" : "s19-t31",
      "begin" : 2028,
      "end" : 2031,
      "text" : "Web",
      "whiteSpace" : false
    }, {
      "id" : "s19-t32",
      "begin" : 2032,
      "end" : 2043,
      "text" : "Development",
      "whiteSpace" : false
    } ]
  }, {
    "id" : "s20",
    "begin" : 2047,
    "end" : 2055,
    "text" : "RESEARCH",
    "tokens" : [ {
      "id" : "s20-t0",
      "begin" : 2047,
      "end" : 2055,
      "text" : "RESEARCH",
      "whiteSpace" : false
    } ]
  }, {
    "id" : "s21",
    "begin" : 2059,
    "end" : 2132,
    "text" : "· working on a research paper regarding LSTM’s and GRU’s (Deep Learning).",
    "tokens" : [ {
      "id" : "s21-t0",
      "begin" : 2059,
      "end" : 2060,
      "text" : "·",
      "whiteSpace" : false
    }, {
      "id" : "s21-t1",
      "begin" : 2061,
      "end" : 2068,
      "text" : "working",
      "whiteSpace" : false
    }, {
      "id" : "s21-t2",
      "begin" : 2069,
      "end" : 2071,
      "text" : "on",
      "whiteSpace" : false
    }, {
      "id" : "s21-t3",
      "begin" : 2072,
      "end" : 2073,
      "text" : "a",
      "whiteSpace" : false
    }, {
      "id" : "s21-t4",
      "begin" : 2074,
      "end" : 2082,
      "text" : "research",
      "whiteSpace" : false
    }, {
      "id" : "s21-t5",
      "begin" : 2083,
      "end" : 2088,
      "text" : "paper",
      "whiteSpace" : false
    }, {
      "id" : "s21-t6",
      "begin" : 2089,
      "end" : 2098,
      "text" : "regarding",
      "whiteSpace" : false
    }, {
      "id" : "s21-t7",
      "begin" : 2099,
      "end" : 2103,
      "text" : "LSTM",
      "whiteSpace" : false
    }, {
      "id" : "s21-t8",
      "begin" : 2103,
      "end" : 2105,
      "text" : "’s",
      "whiteSpace" : false
    }, {
      "id" : "s21-t9",
      "begin" : 2106,
      "end" : 2109,
      "text" : "and",
      "whiteSpace" : false
    }, {
      "id" : "s21-t10",
      "begin" : 2110,
      "end" : 2113,
      "text" : "GRU",
      "whiteSpace" : false
    }, {
      "id" : "s21-t11",
      "begin" : 2113,
      "end" : 2115,
      "text" : "’s",
      "whiteSpace" : false
    }, {
      "id" : "s21-t12",
      "begin" : 2116,
      "end" : 2117,
      "text" : "(",
      "whiteSpace" : false
    }, {
      "id" : "s21-t13",
      "begin" : 2117,
      "end" : 2121,
      "text" : "Deep",
      "whiteSpace" : false
    }, {
      "id" : "s21-t14",
      "begin" : 2122,
      "end" : 2130,
      "text" : "Learning",
      "whiteSpace" : false
    }, {
      "id" : "s21-t15",
      "begin" : 2130,
      "end" : 2131,
      "text" : ")",
      "whiteSpace" : false
    }, {
      "id" : "s21-t16",
      "begin" : 2131,
      "end" : 2132,
      "text" : ".",
      "whiteSpace" : false
    } ]
  }, {
    "id" : "s22",
    "begin" : 2135,
    "end" : 2156,
    "text" : "ACADEMIC ACHIEVEMENTS",
    "tokens" : [ {
      "id" : "s22-t0",
      "begin" : 2135,
      "end" : 2143,
      "text" : "ACADEMIC",
      "whiteSpace" : false
    }, {
      "id" : "s22-t1",
      "begin" : 2144,
      "end" : 2156,
      "text" : "ACHIEVEMENTS",
      "whiteSpace" : false
    } ]
  }, {
    "id" : "s23",
    "begin" : 2160,
    "end" : 2243,
    "text" : "· Selected for Siddhartha Sahaya Merit scholarship sponsored by Siddhartha Academy.",
    "tokens" : [ {
      "id" : "s23-t0",
      "begin" : 2160,
      "end" : 2161,
      "text" : "·",
      "whiteSpace" : false
    }, {
      "id" : "s23-t1",
      "begin" : 2162,
      "end" : 2170,
      "text" : "Selected",
      "whiteSpace" : false
    }, {
      "id" : "s23-t2",
      "begin" : 2171,
      "end" : 2174,
      "text" : "for",
      "whiteSpace" : false
    }, {
      "id" : "s23-t3",
      "begin" : 2175,
      "end" : 2185,
      "text" : "Siddhartha",
      "whiteSpace" : false
    }, {
      "id" : "s23-t4",
      "begin" : 2186,
      "end" : 2192,
      "text" : "Sahaya",
      "whiteSpace" : false
    }, {
      "id" : "s23-t5",
      "begin" : 2193,
      "end" : 2198,
      "text" : "Merit",
      "whiteSpace" : false
    }, {
      "id" : "s23-t6",
      "begin" : 2199,
      "end" : 2210,
      "text" : "scholarship",
      "whiteSpace" : false
    }, {
      "id" : "s23-t7",
      "begin" : 2211,
      "end" : 2220,
      "text" : "sponsored",
      "whiteSpace" : false
    }, {
      "id" : "s23-t8",
      "begin" : 2221,
      "end" : 2223,
      "text" : "by",
      "whiteSpace" : false
    }, {
      "id" : "s23-t9",
      "begin" : 2224,
      "end" : 2234,
      "text" : "Siddhartha",
      "whiteSpace" : false
    }, {
      "id" : "s23-t10",
      "begin" : 2235,
      "end" : 2242,
      "text" : "Academy",
      "whiteSpace" : false
    }, {
      "id" : "s23-t11",
      "begin" : 2242,
      "end" : 2243,
      "text" : ".",
      "whiteSpace" : false
    } ]
  }, {
    "id" : "s24",
    "begin" : 2245,
    "end" : 2363,
    "text" : "· Secured 2nd place in Awaken Entrepreneur in Pratiyogita(2019) conducted by ACM (association for computer machinery).",
    "tokens" : [ {
      "id" : "s24-t0",
      "begin" : 2245,
      "end" : 2246,
      "text" : "·",
      "whiteSpace" : false
    }, {
      "id" : "s24-t1",
      "begin" : 2247,
      "end" : 2254,
      "text" : "Secured",
      "whiteSpace" : false
    }, {
      "id" : "s24-t2",
      "begin" : 2255,
      "end" : 2258,
      "text" : "2nd",
      "whiteSpace" : false
    }, {
      "id" : "s24-t3",
      "begin" : 2259,
      "end" : 2264,
      "text" : "place",
      "whiteSpace" : false
    }, {
      "id" : "s24-t4",
      "begin" : 2265,
      "end" : 2267,
      "text" : "in",
      "whiteSpace" : false
    }, {
      "id" : "s24-t5",
      "begin" : 2268,
      "end" : 2274,
      "text" : "Awaken",
      "whiteSpace" : false
    }, {
      "id" : "s24-t6",
      "begin" : 2275,
      "end" : 2287,
      "text" : "Entrepreneur",
      "whiteSpace" : false
    }, {
      "id" : "s24-t7",
      "begin" : 2288,
      "end" : 2290,
      "text" : "in",
      "whiteSpace" : false
    }, {
      "id" : "s24-t8",
      "begin" : 2291,
      "end" : 2302,
      "text" : "Pratiyogita",
      "whiteSpace" : false
    }, {
      "id" : "s24-t9",
      "begin" : 2302,
      "end" : 2303,
      "text" : "(",
      "whiteSpace" : false
    }, {
      "id" : "s24-t10",
      "begin" : 2303,
      "end" : 2307,
      "text" : "2019",
      "whiteSpace" : false
    }, {
      "id" : "s24-t11",
      "begin" : 2307,
      "end" : 2308,
      "text" : ")",
      "whiteSpace" : false
    }, {
      "id" : "s24-t12",
      "begin" : 2309,
      "end" : 2318,
      "text" : "conducted",
      "whiteSpace" : false
    }, {
      "id" : "s24-t13",
      "begin" : 2319,
      "end" : 2321,
      "text" : "by",
      "whiteSpace" : false
    }, {
      "id" : "s24-t14",
      "begin" : 2322,
      "end" : 2325,
      "text" : "ACM",
      "whiteSpace" : false
    }, {
      "id" : "s24-t15",
      "begin" : 2326,
      "end" : 2327,
      "text" : "(",
      "whiteSpace" : false
    }, {
      "id" : "s24-t16",
      "begin" : 2327,
      "end" : 2338,
      "text" : "association",
      "whiteSpace" : false
    }, {
      "id" : "s24-t17",
      "begin" : 2339,
      "end" : 2342,
      "text" : "for",
      "whiteSpace" : false
    }, {
      "id" : "s24-t18",
      "begin" : 2343,
      "end" : 2351,
      "text" : "computer",
      "whiteSpace" : false
    }, {
      "id" : "s24-t19",
      "begin" : 2352,
      "end" : 2361,
      "text" : "machinery",
      "whiteSpace" : false
    }, {
      "id" : "s24-t20",
      "begin" : 2361,
      "end" : 2362,
      "text" : ")",
      "whiteSpace" : false
    }, {
      "id" : "s24-t21",
      "begin" : 2362,
      "end" : 2363,
      "text" : ".",
      "whiteSpace" : false
    } ]
  }, {
    "id" : "s25",
    "begin" : 2364,
    "end" : 2461,
    "text" : "· Secured 3rd place in TECH QUIZ in evolution(2019) conducted by CSI (computer society of India).",
    "tokens" : [ {
      "id" : "s25-t0",
      "begin" : 2364,
      "end" : 2365,
      "text" : "·",
      "whiteSpace" : false
    }, {
      "id" : "s25-t1",
      "begin" : 2366,
      "end" : 2373,
      "text" : "Secured",
      "whiteSpace" : false
    }, {
      "id" : "s25-t2",
      "begin" : 2374,
      "end" : 2377,
      "text" : "3rd",
      "whiteSpace" : false
    }, {
      "id" : "s25-t3",
      "begin" : 2378,
      "end" : 2383,
      "text" : "place",
      "whiteSpace" : false
    }, {
      "id" : "s25-t4",
      "begin" : 2384,
      "end" : 2386,
      "text" : "in",
      "whiteSpace" : false
    }, {
      "id" : "s25-t5",
      "begin" : 2387,
      "end" : 2391,
      "text" : "TECH",
      "whiteSpace" : false
    }, {
      "id" : "s25-t6",
      "begin" : 2392,
      "end" : 2396,
      "text" : "QUIZ",
      "whiteSpace" : false
    }, {
      "id" : "s25-t7",
      "begin" : 2397,
      "end" : 2399,
      "text" : "in",
      "whiteSpace" : false
    }, {
      "id" : "s25-t8",
      "begin" : 2400,
      "end" : 2409,
      "text" : "evolution",
      "whiteSpace" : false
    }, {
      "id" : "s25-t9",
      "begin" : 2409,
      "end" : 2410,
      "text" : "(",
      "whiteSpace" : false
    }, {
      "id" : "s25-t10",
      "begin" : 2410,
      "end" : 2414,
      "text" : "2019",
      "whiteSpace" : false
    }, {
      "id" : "s25-t11",
      "begin" : 2414,
      "end" : 2415,
      "text" : ")",
      "whiteSpace" : false
    }, {
      "id" : "s25-t12",
      "begin" : 2416,
      "end" : 2425,
      "text" : "conducted",
      "whiteSpace" : false
    }, {
      "id" : "s25-t13",
      "begin" : 2426,
      "end" : 2428,
      "text" : "by",
      "whiteSpace" : false
    }, {
      "id" : "s25-t14",
      "begin" : 2429,
      "end" : 2432,
      "text" : "CSI",
      "whiteSpace" : false
    }, {
      "id" : "s25-t15",
      "begin" : 2433,
      "end" : 2434,
      "text" : "(",
      "whiteSpace" : false
    }, {
      "id" : "s25-t16",
      "begin" : 2434,
      "end" : 2442,
      "text" : "computer",
      "whiteSpace" : false
    }, {
      "id" : "s25-t17",
      "begin" : 2443,
      "end" : 2450,
      "text" : "society",
      "whiteSpace" : false
    }, {
      "id" : "s25-t18",
      "begin" : 2451,
      "end" : 2453,
      "text" : "of",
      "whiteSpace" : false
    }, {
      "id" : "s25-t19",
      "begin" : 2454,
      "end" : 2459,
      "text" : "India",
      "whiteSpace" : false
    }, {
      "id" : "s25-t20",
      "begin" : 2459,
      "end" : 2460,
      "text" : ")",
      "whiteSpace" : false
    }, {
      "id" : "s25-t21",
      "begin" : 2460,
      "end" : 2461,
      "text" : ".",
      "whiteSpace" : false
    } ]
  }, {
    "id" : "s26",
    "begin" : 2462,
    "end" : 2589,
    "text" : "· Secured 1st prize in both Relay Coding and Tech Quiz in Speranza(2020) conducted by ACM (association for computer machinery).",
    "tokens" : [ {
      "id" : "s26-t0",
      "begin" : 2462,
      "end" : 2463,
      "text" : "·",
      "whiteSpace" : false
    }, {
      "id" : "s26-t1",
      "begin" : 2464,
      "end" : 2471,
      "text" : "Secured",
      "whiteSpace" : false
    }, {
      "id" : "s26-t2",
      "begin" : 2472,
      "end" : 2475,
      "text" : "1st",
      "whiteSpace" : false
    }, {
      "id" : "s26-t3",
      "begin" : 2476,
      "end" : 2481,
      "text" : "prize",
      "whiteSpace" : false
    }, {
      "id" : "s26-t4",
      "begin" : 2482,
      "end" : 2484,
      "text" : "in",
      "whiteSpace" : false
    }, {
      "id" : "s26-t5",
      "begin" : 2485,
      "end" : 2489,
      "text" : "both",
      "whiteSpace" : false
    }, {
      "id" : "s26-t6",
      "begin" : 2490,
      "end" : 2495,
      "text" : "Relay",
      "whiteSpace" : false
    }, {
      "id" : "s26-t7",
      "begin" : 2496,
      "end" : 2502,
      "text" : "Coding",
      "whiteSpace" : false
    }, {
      "id" : "s26-t8",
      "begin" : 2503,
      "end" : 2506,
      "text" : "and",
      "whiteSpace" : false
    }, {
      "id" : "s26-t9",
      "begin" : 2507,
      "end" : 2511,
      "text" : "Tech",
      "whiteSpace" : false
    }, {
      "id" : "s26-t10",
      "begin" : 2512,
      "end" : 2516,
      "text" : "Quiz",
      "whiteSpace" : false
    }, {
      "id" : "s26-t11",
      "begin" : 2517,
      "end" : 2519,
      "text" : "in",
      "whiteSpace" : false
    }, {
      "id" : "s26-t12",
      "begin" : 2520,
      "end" : 2528,
      "text" : "Speranza",
      "whiteSpace" : false
    }, {
      "id" : "s26-t13",
      "begin" : 2528,
      "end" : 2529,
      "text" : "(",
      "whiteSpace" : false
    }, {
      "id" : "s26-t14",
      "begin" : 2529,
      "end" : 2533,
      "text" : "2020",
      "whiteSpace" : false
    }, {
      "id" : "s26-t15",
      "begin" : 2533,
      "end" : 2534,
      "text" : ")",
      "whiteSpace" : false
    }, {
      "id" : "s26-t16",
      "begin" : 2535,
      "end" : 2544,
      "text" : "conducted",
      "whiteSpace" : false
    }, {
      "id" : "s26-t17",
      "begin" : 2545,
      "end" : 2547,
      "text" : "by",
      "whiteSpace" : false
    }, {
      "id" : "s26-t18",
      "begin" : 2548,
      "end" : 2551,
      "text" : "ACM",
      "whiteSpace" : false
    }, {
      "id" : "s26-t19",
      "begin" : 2552,
      "end" : 2553,
      "text" : "(",
      "whiteSpace" : false
    }, {
      "id" : "s26-t20",
      "begin" : 2553,
      "end" : 2564,
      "text" : "association",
      "whiteSpace" : false
    }, {
      "id" : "s26-t21",
      "begin" : 2565,
      "end" : 2568,
      "text" : "for",
      "whiteSpace" : false
    }, {
      "id" : "s26-t22",
      "begin" : 2569,
      "end" : 2577,
      "text" : "computer",
      "whiteSpace" : false
    }, {
      "id" : "s26-t23",
      "begin" : 2578,
      "end" : 2587,
      "text" : "machinery",
      "whiteSpace" : false
    }, {
      "id" : "s26-t24",
      "begin" : 2587,
      "end" : 2588,
      "text" : ")",
      "whiteSpace" : false
    }, {
      "id" : "s26-t25",
      "begin" : 2588,
      "end" : 2589,
      "text" : ".",
      "whiteSpace" : false
    } ]
  }, {
    "id" : "s27",
    "begin" : 2590,
    "end" : 2695,
    "text" : "· Secured 1st prize in Pair Programming in Tech Bloom(2020) Conducted by CSI (computer society of India).",
    "tokens" : [ {
      "id" : "s27-t0",
      "begin" : 2590,
      "end" : 2591,
      "text" : "·",
      "whiteSpace" : false
    }, {
      "id" : "s27-t1",
      "begin" : 2592,
      "end" : 2599,
      "text" : "Secured",
      "whiteSpace" : false
    }, {
      "id" : "s27-t2",
      "begin" : 2600,
      "end" : 2603,
      "text" : "1st",
      "whiteSpace" : false
    }, {
      "id" : "s27-t3",
      "begin" : 2604,
      "end" : 2609,
      "text" : "prize",
      "whiteSpace" : false
    }, {
      "id" : "s27-t4",
      "begin" : 2610,
      "end" : 2612,
      "text" : "in",
      "whiteSpace" : false
    }, {
      "id" : "s27-t5",
      "begin" : 2613,
      "end" : 2617,
      "text" : "Pair",
      "whiteSpace" : false
    }, {
      "id" : "s27-t6",
      "begin" : 2618,
      "end" : 2629,
      "text" : "Programming",
      "whiteSpace" : false
    }, {
      "id" : "s27-t7",
      "begin" : 2630,
      "end" : 2632,
      "text" : "in",
      "whiteSpace" : false
    }, {
      "id" : "s27-t8",
      "begin" : 2633,
      "end" : 2637,
      "text" : "Tech",
      "whiteSpace" : false
    }, {
      "id" : "s27-t9",
      "begin" : 2638,
      "end" : 2643,
      "text" : "Bloom",
      "whiteSpace" : false
    }, {
      "id" : "s27-t10",
      "begin" : 2643,
      "end" : 2644,
      "text" : "(",
      "whiteSpace" : false
    }, {
      "id" : "s27-t11",
      "begin" : 2644,
      "end" : 2648,
      "text" : "2020",
      "whiteSpace" : false
    }, {
      "id" : "s27-t12",
      "begin" : 2648,
      "end" : 2649,
      "text" : ")",
      "whiteSpace" : false
    }, {
      "id" : "s27-t13",
      "begin" : 2650,
      "end" : 2659,
      "text" : "Conducted",
      "whiteSpace" : false
    }, {
      "id" : "s27-t14",
      "begin" : 2660,
      "end" : 2662,
      "text" : "by",
      "whiteSpace" : false
    }, {
      "id" : "s27-t15",
      "begin" : 2663,
      "end" : 2666,
      "text" : "CSI",
      "whiteSpace" : false
    }, {
      "id" : "s27-t16",
      "begin" : 2667,
      "end" : 2668,
      "text" : "(",
      "whiteSpace" : false
    }, {
      "id" : "s27-t17",
      "begin" : 2668,
      "end" : 2676,
      "text" : "computer",
      "whiteSpace" : false
    }, {
      "id" : "s27-t18",
      "begin" : 2677,
      "end" : 2684,
      "text" : "society",
      "whiteSpace" : false
    }, {
      "id" : "s27-t19",
      "begin" : 2685,
      "end" : 2687,
      "text" : "of",
      "whiteSpace" : false
    }, {
      "id" : "s27-t20",
      "begin" : 2688,
      "end" : 2693,
      "text" : "India",
      "whiteSpace" : false
    }, {
      "id" : "s27-t21",
      "begin" : 2693,
      "end" : 2694,
      "text" : ")",
      "whiteSpace" : false
    }, {
      "id" : "s27-t22",
      "begin" : 2694,
      "end" : 2695,
      "text" : ".",
      "whiteSpace" : false
    } ]
  }, {
    "id" : "s28",
    "begin" : 2700,
    "end" : 2728,
    "text" : "EXTRACURRICULAR ACHIEVEMENTS",
    "tokens" : [ {
      "id" : "s28-t0",
      "begin" : 2700,
      "end" : 2715,
      "text" : "EXTRACURRICULAR",
      "whiteSpace" : false
    }, {
      "id" : "s28-t1",
      "begin" : 2716,
      "end" : 2728,
      "text" : "ACHIEVEMENTS",
      "whiteSpace" : false
    } ]
  }, {
    "id" : "s29",
    "begin" : 2732,
    "end" : 2829,
    "text" : "· Plastic Free Day 2019: Secured 1st prize for presenting paper on PLASTIC AWARENESS AND SOLUTION",
    "tokens" : [ {
      "id" : "s29-t0",
      "begin" : 2732,
      "end" : 2733,
      "text" : "·",
      "whiteSpace" : false
    }, {
      "id" : "s29-t1",
      "begin" : 2734,
      "end" : 2741,
      "text" : "Plastic",
      "whiteSpace" : false
    }, {
      "id" : "s29-t2",
      "begin" : 2742,
      "end" : 2746,
      "text" : "Free",
      "whiteSpace" : false
    }, {
      "id" : "s29-t3",
      "begin" : 2747,
      "end" : 2750,
      "text" : "Day",
      "whiteSpace" : false
    }, {
      "id" : "s29-t4",
      "begin" : 2751,
      "end" : 2755,
      "text" : "2019",
      "whiteSpace" : false
    }, {
      "id" : "s29-t5",
      "begin" : 2755,
      "end" : 2756,
      "text" : ":",
      "whiteSpace" : false
    }, {
      "id" : "s29-t6",
      "begin" : 2757,
      "end" : 2764,
      "text" : "Secured",
      "whiteSpace" : false
    }, {
      "id" : "s29-t7",
      "begin" : 2765,
      "end" : 2768,
      "text" : "1st",
      "whiteSpace" : false
    }, {
      "id" : "s29-t8",
      "begin" : 2769,
      "end" : 2774,
      "text" : "prize",
      "whiteSpace" : false
    }, {
      "id" : "s29-t9",
      "begin" : 2775,
      "end" : 2778,
      "text" : "for",
      "whiteSpace" : false
    }, {
      "id" : "s29-t10",
      "begin" : 2779,
      "end" : 2789,
      "text" : "presenting",
      "whiteSpace" : false
    }, {
      "id" : "s29-t11",
      "begin" : 2790,
      "end" : 2795,
      "text" : "paper",
      "whiteSpace" : false
    }, {
      "id" : "s29-t12",
      "begin" : 2796,
      "end" : 2798,
      "text" : "on",
      "whiteSpace" : false
    }, {
      "id" : "s29-t13",
      "begin" : 2799,
      "end" : 2806,
      "text" : "PLASTIC",
      "whiteSpace" : false
    }, {
      "id" : "s29-t14",
      "begin" : 2807,
      "end" : 2816,
      "text" : "AWARENESS",
      "whiteSpace" : false
    }, {
      "id" : "s29-t15",
      "begin" : 2817,
      "end" : 2820,
      "text" : "AND",
      "whiteSpace" : false
    }, {
      "id" : "s29-t16",
      "begin" : 2821,
      "end" : 2829,
      "text" : "SOLUTION",
      "whiteSpace" : false
    } ]
  }, {
    "id" : "s30",
    "begin" : 2835,
    "end" : 2852,
    "text" : "HOBBIES/INTERESTS",
    "tokens" : [ {
      "id" : "s30-t0",
      "begin" : 2835,
      "end" : 2852,
      "text" : "HOBBIES/INTERESTS",
      "whiteSpace" : false
    } ]
  }, {
    "id" : "s31",
    "begin" : 2856,
    "end" : 2920,
    "text" : "· Social: Economy, International Relations, History, World News.",
    "tokens" : [ {
      "id" : "s31-t0",
      "begin" : 2856,
      "end" : 2857,
      "text" : "·",
      "whiteSpace" : false
    }, {
      "id" : "s31-t1",
      "begin" : 2858,
      "end" : 2864,
      "text" : "Social",
      "whiteSpace" : false
    }, {
      "id" : "s31-t2",
      "begin" : 2864,
      "end" : 2865,
      "text" : ":",
      "whiteSpace" : false
    }, {
      "id" : "s31-t3",
      "begin" : 2866,
      "end" : 2873,
      "text" : "Economy",
      "whiteSpace" : false
    }, {
      "id" : "s31-t4",
      "begin" : 2873,
      "end" : 2874,
      "text" : ",",
      "whiteSpace" : false
    }, {
      "id" : "s31-t5",
      "begin" : 2875,
      "end" : 2888,
      "text" : "International",
      "whiteSpace" : false
    }, {
      "id" : "s31-t6",
      "begin" : 2889,
      "end" : 2898,
      "text" : "Relations",
      "whiteSpace" : false
    }, {
      "id" : "s31-t7",
      "begin" : 2898,
      "end" : 2899,
      "text" : ",",
      "whiteSpace" : false
    }, {
      "id" : "s31-t8",
      "begin" : 2900,
      "end" : 2907,
      "text" : "History",
      "whiteSpace" : false
    }, {
      "id" : "s31-t9",
      "begin" : 2907,
      "end" : 2908,
      "text" : ",",
      "whiteSpace" : false
    }, {
      "id" : "s31-t10",
      "begin" : 2909,
      "end" : 2914,
      "text" : "World",
      "whiteSpace" : false
    }, {
      "id" : "s31-t11",
      "begin" : 2915,
      "end" : 2919,
      "text" : "News",
      "whiteSpace" : false
    }, {
      "id" : "s31-t12",
      "begin" : 2919,
      "end" : 2920,
      "text" : ".",
      "whiteSpace" : false
    } ]
  }, {
    "id" : "s32",
    "begin" : 2921,
    "end" : 2967,
    "text" : "· Personal: Playing Cricket, Cooking, Netflix.",
    "tokens" : [ {
      "id" : "s32-t0",
      "begin" : 2921,
      "end" : 2922,
      "text" : "·",
      "whiteSpace" : false
    }, {
      "id" : "s32-t1",
      "begin" : 2923,
      "end" : 2931,
      "text" : "Personal",
      "whiteSpace" : false
    }, {
      "id" : "s32-t2",
      "begin" : 2931,
      "end" : 2932,
      "text" : ":",
      "whiteSpace" : false
    }, {
      "id" : "s32-t3",
      "begin" : 2933,
      "end" : 2940,
      "text" : "Playing",
      "whiteSpace" : false
    }, {
      "id" : "s32-t4",
      "begin" : 2941,
      "end" : 2948,
      "text" : "Cricket",
      "whiteSpace" : false
    }, {
      "id" : "s32-t5",
      "begin" : 2948,
      "end" : 2949,
      "text" : ",",
      "whiteSpace" : false
    }, {
      "id" : "s32-t6",
      "begin" : 2950,
      "end" : 2957,
      "text" : "Cooking",
      "whiteSpace" : false
    }, {
      "id" : "s32-t7",
      "begin" : 2957,
      "end" : 2958,
      "text" : ",",
      "whiteSpace" : false
    }, {
      "id" : "s32-t8",
      "begin" : 2959,
      "end" : 2966,
      "text" : "Netflix",
      "whiteSpace" : false
    }, {
      "id" : "s32-t9",
      "begin" : 2966,
      "end" : 2967,
      "text" : ".",
      "whiteSpace" : false
    } ]
  }, {
    "id" : "s33",
    "begin" : 2972,
    "end" : 2982,
    "text" : "ROLE MODEL",
    "tokens" : [ {
      "id" : "s33-t0",
      "begin" : 2972,
      "end" : 2976,
      "text" : "ROLE",
      "whiteSpace" : false
    }, {
      "id" : "s33-t1",
      "begin" : 2977,
      "end" : 2982,
      "text" : "MODEL",
      "whiteSpace" : false
    } ]
  }, {
    "id" : "s34",
    "begin" : 2986,
    "end" : 2997,
    "text" : "· Chanakya.",
    "tokens" : [ {
      "id" : "s34-t0",
      "begin" : 2986,
      "end" : 2987,
      "text" : "·",
      "whiteSpace" : false
    }, {
      "id" : "s34-t1",
      "begin" : 2988,
      "end" : 2996,
      "text" : "Chanakya",
      "whiteSpace" : false
    }, {
      "id" : "s34-t2",
      "begin" : 2996,
      "end" : 2997,
      "text" : ".",
      "whiteSpace" : false
    } ]
  }, {
    "id" : "s35",
    "begin" : 3001,
    "end" : 3012,
    "text" : "DECLARATION",
    "tokens" : [ {
      "id" : "s35-t0",
      "begin" : 3001,
      "end" : 3012,
      "text" : "DECLARATION",
      "whiteSpace" : false
    } ]
  }, {
    "id" : "s36",
    "begin" : 3016,
    "end" : 3103,
    "text" : "I hereby declare that the above-mentioned details are true to the best of my knowledge.",
    "tokens" : [ {
      "id" : "s36-t0",
      "begin" : 3016,
      "end" : 3017,
      "text" : "I",
      "whiteSpace" : false
    }, {
      "id" : "s36-t1",
      "begin" : 3018,
      "end" : 3024,
      "text" : "hereby",
      "whiteSpace" : false
    }, {
      "id" : "s36-t2",
      "begin" : 3025,
      "end" : 3032,
      "text" : "declare",
      "whiteSpace" : false
    }, {
      "id" : "s36-t3",
      "begin" : 3033,
      "end" : 3037,
      "text" : "that",
      "whiteSpace" : false
    }, {
      "id" : "s36-t4",
      "begin" : 3038,
      "end" : 3041,
      "text" : "the",
      "whiteSpace" : false
    }, {
      "id" : "s36-t5",
      "begin" : 3042,
      "end" : 3057,
      "text" : "above-mentioned",
      "whiteSpace" : false
    }, {
      "id" : "s36-t6",
      "begin" : 3058,
      "end" : 3065,
      "text" : "details",
      "whiteSpace" : false
    }, {
      "id" : "s36-t7",
      "begin" : 3066,
      "end" : 3069,
      "text" : "are",
      "whiteSpace" : false
    }, {
      "id" : "s36-t8",
      "begin" : 3070,
      "end" : 3074,
      "text" : "true",
      "whiteSpace" : false
    }, {
      "id" : "s36-t9",
      "begin" : 3075,
      "end" : 3077,
      "text" : "to",
      "whiteSpace" : false
    }, {
      "id" : "s36-t10",
      "begin" : 3078,
      "end" : 3081,
      "text" : "the",
      "whiteSpace" : false
    }, {
      "id" : "s36-t11",
      "begin" : 3082,
      "end" : 3086,
      "text" : "best",
      "whiteSpace" : false
    }, {
      "id" : "s36-t12",
      "begin" : 3087,
      "end" : 3089,
      "text" : "of",
      "whiteSpace" : false
    }, {
      "id" : "s36-t13",
      "begin" : 3090,
      "end" : 3092,
      "text" : "my",
      "whiteSpace" : false
    }, {
      "id" : "s36-t14",
      "begin" : 3093,
      "end" : 3102,
      "text" : "knowledge",
      "whiteSpace" : false
    }, {
      "id" : "s36-t15",
      "begin" : 3102,
      "end" : 3103,
      "text" : ".",
      "whiteSpace" : false
    } ]
  }, {
    "id" : "s37",
    "begin" : 3104,
    "end" : 3184,
    "text" : "Date: 13/12/2019\t\t\t\t\t\t\t\t\t\tSignature\nPlace: Vijayawada\t\t\t\t\t\t\t\t\t\tSurendra Bodapati",
    "tokens" : [ {
      "id" : "s37-t0",
      "begin" : 3104,
      "end" : 3108,
      "text" : "Date",
      "whiteSpace" : false
    }, {
      "id" : "s37-t1",
      "begin" : 3108,
      "end" : 3109,
      "text" : ":",
      "whiteSpace" : false
    }, {
      "id" : "s37-t2",
      "begin" : 3110,
      "end" : 3120,
      "text" : "13/12/2019",
      "whiteSpace" : false
    }, {
      "id" : "s37-t3",
      "begin" : 3130,
      "end" : 3139,
      "text" : "Signature",
      "whiteSpace" : false
    }, {
      "id" : "s37-t4",
      "begin" : 3140,
      "end" : 3145,
      "text" : "Place",
      "whiteSpace" : false
    }, {
      "id" : "s37-t5",
      "begin" : 3145,
      "end" : 3146,
      "text" : ":",
      "whiteSpace" : false
    }, {
      "id" : "s37-t6",
      "begin" : 3147,
      "end" : 3157,
      "text" : "Vijayawada",
      "whiteSpace" : false
    }, {
      "id" : "s37-t7",
      "begin" : 3167,
      "end" : 3175,
      "text" : "Surendra",
      "whiteSpace" : false
    }, {
      "id" : "s37-t8",
      "begin" : 3176,
      "end" : 3184,
      "text" : "Bodapati",
      "whiteSpace" : false
    } ]
  } ],
  "mentions" : [ {
    "id" : "s0-m1",
    "properties" : {
      "SIRE_MENTION_ROLE" : "Name",
      "SIRE_ENTITY_SUBTYPE" : "NONE",
      "SIRE_MENTION_TYPE" : "NONE",
      "SIRE_MENTION_CLASS" : "SPC"
    },
    "type" : "Name",
    "begin" : 36,
    "end" : 58,
    "inCoref" : false
  }, {
    "id" : "s0-m2",
    "properties" : {
      "SIRE_MENTION_ROLE" : "Personal_Details",
      "SIRE_ENTITY_SUBTYPE" : "NONE",
      "SIRE_MENTION_TYPE" : "NONE",
      "SIRE_MENTION_CLASS" : "SPC"
    },
    "type" : "Personal_Details",
    "begin" : 97,
    "end" : 124,
    "inCoref" : false
  }, {
    "id" : "s0-m3",
    "properties" : {
      "SIRE_MENTION_ROLE" : "Personal_Details",
      "SIRE_ENTITY_SUBTYPE" : "NONE",
      "SIRE_MENTION_TYPE" : "NONE",
      "SIRE_MENTION_CLASS" : "SPC"
    },
    "type" : "Personal_Details",
    "begin" : 153,
    "end" : 163,
    "inCoref" : false
  }, {
    "id" : "s3-m1",
    "properties" : {
      "SIRE_MENTION_ROLE" : "Personal_Details",
      "SIRE_ENTITY_SUBTYPE" : "NONE",
      "SIRE_MENTION_TYPE" : "NONE",
      "SIRE_MENTION_CLASS" : "SPC"
    },
    "type" : "Personal_Details",
    "begin" : 347,
    "end" : 369,
    "inCoref" : false
  }, {
    "id" : "s3-m2",
    "properties" : {
      "SIRE_MENTION_ROLE" : "Personal_Details",
      "SIRE_ENTITY_SUBTYPE" : "NONE",
      "SIRE_MENTION_TYPE" : "NONE",
      "SIRE_MENTION_CLASS" : "SPC"
    },
    "type" : "Personal_Details",
    "begin" : 404,
    "end" : 418,
    "inCoref" : false
  }, {
    "id" : "s3-m3",
    "properties" : {
      "SIRE_MENTION_ROLE" : "Personal_Details",
      "SIRE_ENTITY_SUBTYPE" : "NONE",
      "SIRE_MENTION_TYPE" : "NONE",
      "SIRE_MENTION_CLASS" : "SPC"
    },
    "type" : "Personal_Details",
    "begin" : 452,
    "end" : 462,
    "inCoref" : false
  }, {
    "id" : "s3-m4",
    "properties" : {
      "SIRE_MENTION_ROLE" : "Languages",
      "SIRE_ENTITY_SUBTYPE" : "NONE",
      "SIRE_MENTION_TYPE" : "NONE",
      "SIRE_MENTION_CLASS" : "SPC"
    },
    "type" : "Languages",
    "begin" : 561,
    "end" : 568,
    "inCoref" : false
  }, {
    "id" : "s3-m5",
    "properties" : {
      "SIRE_MENTION_ROLE" : "Languages",
      "SIRE_ENTITY_SUBTYPE" : "NONE",
      "SIRE_MENTION_TYPE" : "NONE",
      "SIRE_MENTION_CLASS" : "SPC"
    },
    "type" : "Languages",
    "begin" : 570,
    "end" : 576,
    "inCoref" : false
  }, {
    "id" : "s3-m6",
    "properties" : {
      "SIRE_MENTION_ROLE" : "Personal_Details",
      "SIRE_ENTITY_SUBTYPE" : "NONE",
      "SIRE_MENTION_TYPE" : "NONE",
      "SIRE_MENTION_CLASS" : "SPC"
    },
    "type" : "Personal_Details",
    "begin" : 610,
    "end" : 620,
    "inCoref" : false
  }, {
    "id" : "s4-m1",
    "properties" : {
      "SIRE_MENTION_ROLE" : "Personal_Details",
      "SIRE_ENTITY_SUBTYPE" : "NONE",
      "SIRE_MENTION_TYPE" : "NONE",
      "SIRE_MENTION_CLASS" : "SPC"
    },
    "type" : "Personal_Details",
    "begin" : 653,
    "end" : 712,
    "inCoref" : false
  }, {
    "id" : "s7-m1",
    "properties" : {
      "SIRE_MENTION_ROLE" : "Education",
      "SIRE_ENTITY_SUBTYPE" : "NONE",
      "SIRE_MENTION_TYPE" : "NONE",
      "SIRE_MENTION_CLASS" : "SPC"
    },
    "type" : "Education",
    "begin" : 802,
    "end" : 837,
    "inCoref" : false
  }, {
    "id" : "s7-m2",
    "properties" : {
      "SIRE_MENTION_ROLE" : "Education",
      "SIRE_ENTITY_SUBTYPE" : "NONE",
      "SIRE_MENTION_TYPE" : "NONE",
      "SIRE_MENTION_CLASS" : "SPC"
    },
    "type" : "Education",
    "begin" : 866,
    "end" : 870,
    "inCoref" : false
  }, {
    "id" : "s7-m3",
    "properties" : {
      "SIRE_MENTION_ROLE" : "Education",
      "SIRE_ENTITY_SUBTYPE" : "NONE",
      "SIRE_MENTION_TYPE" : "NONE",
      "SIRE_MENTION_CLASS" : "SPC"
    },
    "type" : "Education",
    "begin" : 872,
    "end" : 878,
    "inCoref" : false
  }, {
    "id" : "s8-m1",
    "properties" : {
      "SIRE_MENTION_ROLE" : "Education",
      "SIRE_ENTITY_SUBTYPE" : "NONE",
      "SIRE_MENTION_TYPE" : "NONE",
      "SIRE_MENTION_CLASS" : "SPC"
    },
    "type" : "Education",
    "begin" : 886,
    "end" : 899,
    "inCoref" : false
  }, {
    "id" : "s8-m2",
    "properties" : {
      "SIRE_MENTION_ROLE" : "Education",
      "SIRE_ENTITY_SUBTYPE" : "NONE",
      "SIRE_MENTION_TYPE" : "NONE",
      "SIRE_MENTION_CLASS" : "SPC"
    },
    "type" : "Education",
    "begin" : 957,
    "end" : 961,
    "inCoref" : false
  }, {
    "id" : "s8-m3",
    "properties" : {
      "SIRE_MENTION_ROLE" : "Education",
      "SIRE_ENTITY_SUBTYPE" : "NONE",
      "SIRE_MENTION_TYPE" : "NONE",
      "SIRE_MENTION_CLASS" : "SPC"
    },
    "type" : "Education",
    "begin" : 963,
    "end" : 968,
    "inCoref" : false
  }, {
    "id" : "s9-m1",
    "properties" : {
      "SIRE_MENTION_ROLE" : "Education",
      "SIRE_ENTITY_SUBTYPE" : "NONE",
      "SIRE_MENTION_TYPE" : "NONE",
      "SIRE_MENTION_CLASS" : "SPC"
    },
    "type" : "Education",
    "begin" : 975,
    "end" : 1000,
    "inCoref" : false
  }, {
    "id" : "s9-m2",
    "properties" : {
      "SIRE_MENTION_ROLE" : "Education",
      "SIRE_ENTITY_SUBTYPE" : "NONE",
      "SIRE_MENTION_TYPE" : "NONE",
      "SIRE_MENTION_CLASS" : "SPC"
    },
    "type" : "Education",
    "begin" : 1016,
    "end" : 1020,
    "inCoref" : false
  }, {
    "id" : "s9-m3",
    "properties" : {
      "SIRE_MENTION_ROLE" : "Education",
      "SIRE_ENTITY_SUBTYPE" : "NONE",
      "SIRE_MENTION_TYPE" : "NONE",
      "SIRE_MENTION_CLASS" : "SPC"
    },
    "type" : "Education",
    "begin" : 1022,
    "end" : 1028,
    "inCoref" : false
  }, {
    "id" : "s11-m1",
    "properties" : {
      "SIRE_MENTION_ROLE" : "skills",
      "SIRE_ENTITY_SUBTYPE" : "NONE",
      "SIRE_MENTION_TYPE" : "NONE",
      "SIRE_MENTION_CLASS" : "SPC"
    },
    "type" : "skills",
    "begin" : 1056,
    "end" : 1057,
    "inCoref" : false
  }, {
    "id" : "s11-m2",
    "properties" : {
      "SIRE_MENTION_ROLE" : "skills",
      "SIRE_ENTITY_SUBTYPE" : "NONE",
      "SIRE_MENTION_TYPE" : "NONE",
      "SIRE_MENTION_CLASS" : "SPC"
    },
    "type" : "skills",
    "begin" : 1061,
    "end" : 1063,
    "inCoref" : false
  }, {
    "id" : "s11-m3",
    "properties" : {
      "SIRE_MENTION_ROLE" : "skills",
      "SIRE_ENTITY_SUBTYPE" : "NONE",
      "SIRE_MENTION_TYPE" : "NONE",
      "SIRE_MENTION_CLASS" : "SPC"
    },
    "type" : "skills",
    "begin" : 1066,
    "end" : 1069,
    "inCoref" : false
  }, {
    "id" : "s11-m4",
    "properties" : {
      "SIRE_MENTION_ROLE" : "skills",
      "SIRE_ENTITY_SUBTYPE" : "NONE",
      "SIRE_MENTION_TYPE" : "NONE",
      "SIRE_MENTION_CLASS" : "SPC"
    },
    "type" : "skills",
    "begin" : 1072,
    "end" : 1078,
    "inCoref" : false
  }, {
    "id" : "s11-m5",
    "properties" : {
      "SIRE_MENTION_ROLE" : "skills",
      "SIRE_ENTITY_SUBTYPE" : "NONE",
      "SIRE_MENTION_TYPE" : "NONE",
      "SIRE_MENTION_CLASS" : "SPC"
    },
    "type" : "skills",
    "begin" : 1081,
    "end" : 1083,
    "inCoref" : false
  }, {
    "id" : "s11-m6",
    "properties" : {
      "SIRE_MENTION_ROLE" : "skills",
      "SIRE_ENTITY_SUBTYPE" : "NONE",
      "SIRE_MENTION_TYPE" : "NONE",
      "SIRE_MENTION_CLASS" : "SPC"
    },
    "type" : "skills",
    "begin" : 1086,
    "end" : 1088,
    "inCoref" : false
  }, {
    "id" : "s11-m7",
    "properties" : {
      "SIRE_MENTION_ROLE" : "skills",
      "SIRE_ENTITY_SUBTYPE" : "NONE",
      "SIRE_MENTION_TYPE" : "NONE",
      "SIRE_MENTION_CLASS" : "SPC"
    },
    "type" : "skills",
    "begin" : 1092,
    "end" : 1103,
    "inCoref" : false
  }, {
    "id" : "s11-m8",
    "properties" : {
      "SIRE_MENTION_ROLE" : "skills",
      "SIRE_ENTITY_SUBTYPE" : "NONE",
      "SIRE_MENTION_TYPE" : "NONE",
      "SIRE_MENTION_CLASS" : "SPC"
    },
    "type" : "skills",
    "begin" : 1106,
    "end" : 1111,
    "inCoref" : false
  }, {
    "id" : "s11-m9",
    "properties" : {
      "SIRE_MENTION_ROLE" : "skills",
      "SIRE_ENTITY_SUBTYPE" : "NONE",
      "SIRE_MENTION_TYPE" : "NONE",
      "SIRE_MENTION_CLASS" : "SPC"
    },
    "type" : "skills",
    "begin" : 1114,
    "end" : 1118,
    "inCoref" : false
  }, {
    "id" : "s11-m10",
    "properties" : {
      "SIRE_MENTION_ROLE" : "skills",
      "SIRE_ENTITY_SUBTYPE" : "NONE",
      "SIRE_MENTION_TYPE" : "NONE",
      "SIRE_MENTION_CLASS" : "SPC"
    },
    "type" : "skills",
    "begin" : 1121,
    "end" : 1124,
    "inCoref" : false
  }, {
    "id" : "s11-m11",
    "properties" : {
      "SIRE_MENTION_ROLE" : "skills",
      "SIRE_ENTITY_SUBTYPE" : "NONE",
      "SIRE_MENTION_TYPE" : "NONE",
      "SIRE_MENTION_CLASS" : "SPC"
    },
    "type" : "skills",
    "begin" : 1127,
    "end" : 1128,
    "inCoref" : false
  }, {
    "id" : "s13-m1",
    "properties" : {
      "SIRE_MENTION_ROLE" : "Projects",
      "SIRE_ENTITY_SUBTYPE" : "NONE",
      "SIRE_MENTION_TYPE" : "NONE",
      "SIRE_MENTION_CLASS" : "SPC"
    },
    "type" : "Projects",
    "begin" : 1209,
    "end" : 1236,
    "inCoref" : false
  }, {
    "id" : "s16-m1",
    "properties" : {
      "SIRE_MENTION_ROLE" : "Projects",
      "SIRE_ENTITY_SUBTYPE" : "NONE",
      "SIRE_MENTION_TYPE" : "NONE",
      "SIRE_MENTION_CLASS" : "SPC"
    },
    "type" : "Projects",
    "begin" : 1492,
    "end" : 1515,
    "inCoref" : false
  }, {
    "id" : "s17-m1",
    "properties" : {
      "SIRE_MENTION_ROLE" : "Projects",
      "SIRE_ENTITY_SUBTYPE" : "NONE",
      "SIRE_MENTION_TYPE" : "NONE",
      "SIRE_MENTION_CLASS" : "SPC"
    },
    "type" : "Projects",
    "begin" : 1667,
    "end" : 1689,
    "inCoref" : false
  }, {
    "id" : "s19-m1",
    "properties" : {
      "SIRE_MENTION_ROLE" : "Achievements",
      "SIRE_ENTITY_SUBTYPE" : "NONE",
      "SIRE_MENTION_TYPE" : "NONE",
      "SIRE_MENTION_CLASS" : "SPC"
    },
    "type" : "Achievements",
    "begin" : 1879,
    "end" : 1904,
    "inCoref" : false
  }, {
    "id" : "s19-m2",
    "properties" : {
      "SIRE_MENTION_ROLE" : "Achievements",
      "SIRE_ENTITY_SUBTYPE" : "NONE",
      "SIRE_MENTION_TYPE" : "NONE",
      "SIRE_MENTION_CLASS" : "SPC"
    },
    "type" : "Achievements",
    "begin" : 1915,
    "end" : 1935,
    "inCoref" : false
  }, {
    "id" : "s19-m3",
    "properties" : {
      "SIRE_MENTION_ROLE" : "Achievements",
      "SIRE_ENTITY_SUBTYPE" : "NONE",
      "SIRE_MENTION_TYPE" : "NONE",
      "SIRE_MENTION_CLASS" : "SPC"
    },
    "type" : "Achievements",
    "begin" : 1946,
    "end" : 1990,
    "inCoref" : false
  }, {
    "id" : "s19-m4",
    "properties" : {
      "SIRE_MENTION_ROLE" : "Achievements",
      "SIRE_ENTITY_SUBTYPE" : "NONE",
      "SIRE_MENTION_TYPE" : "NONE",
      "SIRE_MENTION_CLASS" : "SPC"
    },
    "type" : "Achievements",
    "begin" : 2028,
    "end" : 2043,
    "inCoref" : false
  }, {
    "id" : "s21-m1",
    "properties" : {
      "SIRE_MENTION_ROLE" : "Activities",
      "SIRE_ENTITY_SUBTYPE" : "NONE",
      "SIRE_MENTION_TYPE" : "NONE",
      "SIRE_MENTION_CLASS" : "SPC"
    },
    "type" : "Activities",
    "begin" : 2061,
    "end" : 2131,
    "inCoref" : false
  }, {
    "id" : "s23-m1",
    "properties" : {
      "SIRE_MENTION_ROLE" : "Achievements",
      "SIRE_ENTITY_SUBTYPE" : "NONE",
      "SIRE_MENTION_TYPE" : "NONE",
      "SIRE_MENTION_CLASS" : "SPC"
    },
    "type" : "Achievements",
    "begin" : 2162,
    "end" : 2242,
    "inCoref" : false
  }, {
    "id" : "s24-m1",
    "properties" : {
      "SIRE_MENTION_ROLE" : "Achievements",
      "SIRE_ENTITY_SUBTYPE" : "NONE",
      "SIRE_MENTION_TYPE" : "NONE",
      "SIRE_MENTION_CLASS" : "SPC"
    },
    "type" : "Achievements",
    "begin" : 2255,
    "end" : 2287,
    "inCoref" : false
  }, {
    "id" : "s25-m1",
    "properties" : {
      "SIRE_MENTION_ROLE" : "Achievements",
      "SIRE_ENTITY_SUBTYPE" : "NONE",
      "SIRE_MENTION_TYPE" : "NONE",
      "SIRE_MENTION_CLASS" : "SPC"
    },
    "type" : "Achievements",
    "begin" : 2374,
    "end" : 2396,
    "inCoref" : false
  }, {
    "id" : "s26-m1",
    "properties" : {
      "SIRE_MENTION_ROLE" : "Achievements",
      "SIRE_ENTITY_SUBTYPE" : "NONE",
      "SIRE_MENTION_TYPE" : "NONE",
      "SIRE_MENTION_CLASS" : "SPC"
    },
    "type" : "Achievements",
    "begin" : 2472,
    "end" : 2516,
    "inCoref" : false
  }, {
    "id" : "s27-m1",
    "properties" : {
      "SIRE_MENTION_ROLE" : "Achievements",
      "SIRE_ENTITY_SUBTYPE" : "NONE",
      "SIRE_MENTION_TYPE" : "NONE",
      "SIRE_MENTION_CLASS" : "SPC"
    },
    "type" : "Achievements",
    "begin" : 2600,
    "end" : 2629,
    "inCoref" : false
  }, {
    "id" : "s29-m1",
    "properties" : {
      "SIRE_MENTION_ROLE" : "Achievements",
      "SIRE_ENTITY_SUBTYPE" : "NONE",
      "SIRE_MENTION_TYPE" : "NONE",
      "SIRE_MENTION_CLASS" : "SPC"
    },
    "type" : "Achievements",
    "begin" : 2765,
    "end" : 2816,
    "inCoref" : false
  } ],
  "relations" : [ ],
  "corefs" : [ ],
  "typeResolved" : true,
  "userResolved" : false
}