{
  "id" : "c9e2a290-c019-11ea-8a36-857df501e0ff-0",
  "name" : "bhuvan_resume.docx",
  "createdDate" : 0,
  "version" : 3,
  "text" : "\n                \t   \n\tBANDARUPALLI BHUVAN CHANDRA\n          Email       : bhuvanbandarupalli666@gmail.com\n       Phone no : 9398901896\n\n\t\n\n\n\n\n\n\n\n\n\nPERSONAL PROFILE\nName                       \t\t: Bandarupalli Bhuvan Chandra\nFather’s Name                  \t: B. Siva Koteswara Rao\nMother’s Name                 \t: B. Krishna Kumari\nNationality\t\t   \t: Indian\nSex\t                             \t: Male\nLanguages known             \t: English, Telugu\nDate of Birth\t                \t: 03-04-2000\nAddress\t: D no. 1-59, Panchayat Office Road, Abburu (V), Sattenapalli (M),                                                         Guntur (Dist), 522403\n\n\tACADEMICS\n\n\n\n\n\tQualification\n\tInstitute\n\tBoard / University\n\tYear\n\t% / CGPA\n\n\tB-Tech\n\tV.R. Siddhartha Engineering College, Vijayawada\n\tJNTU Kakinada\n\t2019\n\t9.20/10\n\n\tXII\n\tSri Chaitanya, Guntur\n\tBoard of Intermediate Education Andhra Pradesh\n\t2017\n\t96.50%\n\n\tX\n\tBhashyam Public School (BIITFA)-Guntur\n\tSSC\n\t2015\n\t9.5/10\n\n\n\n\tCAREER OBJECTIVE\n\n\n\nTo work for an organization that helps to improve myself as a person and for the development of the organization\n\n\n\tTechnical Skills\n\n\n\n· C  & DS\n· C++\n· Python\n· Java (Core)\n· MySQL\n· HTML & CSS\n· R\n\tReference\n\n\n\n· Hacker Rank: www.hackerrank.com/Bhuvanbandarupa1 \n\tPROJECTS\n\n\n\n\tGESTURE CONTROL\n\n2018\n\n\t· This project provides an interface for Arduino with Python and implements a simple project on controlling Arduino with Python Programming Language.Arduino is one of the most powerful open source electronics prototyping platform built around AVR Microcontrollers. Python, on the other hand, is one of the most widely used open source high level programming languages. \n· Combining Arduino and Python will open doors to a wide range of ideas, projects and combinations. One such application is the Internet – of – things or IOT, which requires features like Communication Interfaces like Serial, graphical user interfaces, web interfaces, data storage and many others.\n\n\tHIRED INN\n2019\n\t· Creation of an application for hiring people for different local paid works which includes  jobs\n\n\n\n\n\tCERTIFICATIONS\n\n\n\n· NPTEL - Problem Solving through C\n· NPTEL – Data Science using R\n· NPTEL – Business Analytics and Text Mining Modelling Using Python\n· NPTEL – Joy Of Computing Using Python\n· UDEMY  - HTML5& CSS3 Fundamentals\n· APSSDC –Game Development on Build Box \n· TCS CODEVITA –Qualified Round1 with rank of 2954\n\tACADEMIC ACHIEVEMENTS\n\n\n\n· Secured Branch top 1st rank once and 3rd rank twice \n\n· Secured 2nd place in awaken entrepreneur in pratiyogita conducted by ACM (association for computer machinery).\n· Secured 3rd place in TECH QUIZ in evolution conducted by CSI (computer society of India).\n\n\n\t EXTRACURRICULAR ACHIEVEMENTS\n\n\n\n· Participated in TIRUTSAVA-2019\n\n\n\tHOBBIES/INTERESTS\n\n\n\n· Social: Politics, History, World News.\n· Personal: Playing Cricket, Badminton, Volley Ball, Cooking, Reading News Paper.\n\n\tROLE MODEL\n\n\n\n· Brother\n\tDECLARATION\n\n\n\nI hereby declare that the above-mentioned details are true to the best of my knowledge.\n\nDate: 13/12/2019\t\t\t\t\t\t\t\t\t\tSignature\nPlace: Vijayawada\t\t\t\t\t\t\t\tBhuvan Chandra Bandarupalli\n",
  "docLength" : 0,
  "language" : "EN",
  "status" : "SUBMITTED",
  "modifiedDate" : 1594104221830,
  "documentSet" : [ ],
  "preannotation" : [ ],
  "sentences" : [ {
    "id" : "s0",
    "begin" : 23,
    "end" : 135,
    "text" : "BANDARUPALLI BHUVAN CHANDRA\n          Email       : bhuvanbandarupalli666@gmail.com\n       Phone no : 9398901896",
    "tokens" : [ {
      "id" : "s0-t0",
      "begin" : 23,
      "end" : 35,
      "text" : "BANDARUPALLI",
      "whiteSpace" : false
    }, {
      "id" : "s0-t1",
      "begin" : 36,
      "end" : 42,
      "text" : "BHUVAN",
      "whiteSpace" : false
    }, {
      "id" : "s0-t2",
      "begin" : 43,
      "end" : 50,
      "text" : "CHANDRA",
      "whiteSpace" : false
    }, {
      "id" : "s0-t3",
      "begin" : 61,
      "end" : 66,
      "text" : "Email",
      "whiteSpace" : false
    }, {
      "id" : "s0-t4",
      "begin" : 73,
      "end" : 74,
      "text" : ":",
      "whiteSpace" : false
    }, {
      "id" : "s0-t5",
      "begin" : 75,
      "end" : 106,
      "text" : "bhuvanbandarupalli666@gmail.com",
      "whiteSpace" : false
    }, {
      "id" : "s0-t6",
      "begin" : 114,
      "end" : 119,
      "text" : "Phone",
      "whiteSpace" : false
    }, {
      "id" : "s0-t7",
      "begin" : 120,
      "end" : 122,
      "text" : "no",
      "whiteSpace" : false
    }, {
      "id" : "s0-t8",
      "begin" : 123,
      "end" : 124,
      "text" : ":",
      "whiteSpace" : false
    }, {
      "id" : "s0-t9",
      "begin" : 125,
      "end" : 135,
      "text" : "9398901896",
      "whiteSpace" : false
    } ]
  }, {
    "id" : "s1",
    "begin" : 148,
    "end" : 504,
    "text" : "PERSONAL PROFILE\nName                       \t\t: Bandarupalli Bhuvan Chandra\nFather’s Name                  \t: B. Siva Koteswara Rao\nMother’s Name                 \t: B. Krishna Kumari\nNationality\t\t   \t: Indian\nSex\t                             \t: Male\nLanguages known             \t: English, Telugu\nDate of Birth\t                \t: 03-04-2000\nAddress\t: D no.",
    "tokens" : [ {
      "id" : "s1-t0",
      "begin" : 148,
      "end" : 156,
      "text" : "PERSONAL",
      "whiteSpace" : false
    }, {
      "id" : "s1-t1",
      "begin" : 157,
      "end" : 164,
      "text" : "PROFILE",
      "whiteSpace" : false
    }, {
      "id" : "s1-t2",
      "begin" : 165,
      "end" : 169,
      "text" : "Name",
      "whiteSpace" : false
    }, {
      "id" : "s1-t3",
      "begin" : 194,
      "end" : 195,
      "text" : ":",
      "whiteSpace" : false
    }, {
      "id" : "s1-t4",
      "begin" : 196,
      "end" : 208,
      "text" : "Bandarupalli",
      "whiteSpace" : false
    }, {
      "id" : "s1-t5",
      "begin" : 209,
      "end" : 215,
      "text" : "Bhuvan",
      "whiteSpace" : false
    }, {
      "id" : "s1-t6",
      "begin" : 216,
      "end" : 223,
      "text" : "Chandra",
      "whiteSpace" : false
    }, {
      "id" : "s1-t7",
      "begin" : 224,
      "end" : 230,
      "text" : "Father",
      "whiteSpace" : false
    }, {
      "id" : "s1-t8",
      "begin" : 230,
      "end" : 232,
      "text" : "’s",
      "whiteSpace" : false
    }, {
      "id" : "s1-t9",
      "begin" : 233,
      "end" : 237,
      "text" : "Name",
      "whiteSpace" : false
    }, {
      "id" : "s1-t10",
      "begin" : 256,
      "end" : 257,
      "text" : ":",
      "whiteSpace" : false
    }, {
      "id" : "s1-t11",
      "begin" : 258,
      "end" : 260,
      "text" : "B.",
      "whiteSpace" : false
    }, {
      "id" : "s1-t12",
      "begin" : 261,
      "end" : 265,
      "text" : "Siva",
      "whiteSpace" : false
    }, {
      "id" : "s1-t13",
      "begin" : 266,
      "end" : 275,
      "text" : "Koteswara",
      "whiteSpace" : false
    }, {
      "id" : "s1-t14",
      "begin" : 276,
      "end" : 279,
      "text" : "Rao",
      "whiteSpace" : false
    }, {
      "id" : "s1-t15",
      "begin" : 280,
      "end" : 286,
      "text" : "Mother",
      "whiteSpace" : false
    }, {
      "id" : "s1-t16",
      "begin" : 286,
      "end" : 288,
      "text" : "’s",
      "whiteSpace" : false
    }, {
      "id" : "s1-t17",
      "begin" : 289,
      "end" : 293,
      "text" : "Name",
      "whiteSpace" : false
    }, {
      "id" : "s1-t18",
      "begin" : 311,
      "end" : 312,
      "text" : ":",
      "whiteSpace" : false
    }, {
      "id" : "s1-t19",
      "begin" : 313,
      "end" : 315,
      "text" : "B.",
      "whiteSpace" : false
    }, {
      "id" : "s1-t20",
      "begin" : 316,
      "end" : 323,
      "text" : "Krishna",
      "whiteSpace" : false
    }, {
      "id" : "s1-t21",
      "begin" : 324,
      "end" : 330,
      "text" : "Kumari",
      "whiteSpace" : false
    }, {
      "id" : "s1-t22",
      "begin" : 331,
      "end" : 342,
      "text" : "Nationality",
      "whiteSpace" : false
    }, {
      "id" : "s1-t23",
      "begin" : 348,
      "end" : 349,
      "text" : ":",
      "whiteSpace" : false
    }, {
      "id" : "s1-t24",
      "begin" : 350,
      "end" : 356,
      "text" : "Indian",
      "whiteSpace" : false
    }, {
      "id" : "s1-t25",
      "begin" : 357,
      "end" : 360,
      "text" : "Sex",
      "whiteSpace" : false
    }, {
      "id" : "s1-t26",
      "begin" : 391,
      "end" : 392,
      "text" : ":",
      "whiteSpace" : false
    }, {
      "id" : "s1-t27",
      "begin" : 393,
      "end" : 397,
      "text" : "Male",
      "whiteSpace" : false
    }, {
      "id" : "s1-t28",
      "begin" : 398,
      "end" : 407,
      "text" : "Languages",
      "whiteSpace" : false
    }, {
      "id" : "s1-t29",
      "begin" : 408,
      "end" : 413,
      "text" : "known",
      "whiteSpace" : false
    }, {
      "id" : "s1-t30",
      "begin" : 427,
      "end" : 428,
      "text" : ":",
      "whiteSpace" : false
    }, {
      "id" : "s1-t31",
      "begin" : 429,
      "end" : 436,
      "text" : "English",
      "whiteSpace" : false
    }, {
      "id" : "s1-t32",
      "begin" : 436,
      "end" : 437,
      "text" : ",",
      "whiteSpace" : false
    }, {
      "id" : "s1-t33",
      "begin" : 438,
      "end" : 444,
      "text" : "Telugu",
      "whiteSpace" : false
    }, {
      "id" : "s1-t34",
      "begin" : 445,
      "end" : 449,
      "text" : "Date",
      "whiteSpace" : false
    }, {
      "id" : "s1-t35",
      "begin" : 450,
      "end" : 452,
      "text" : "of",
      "whiteSpace" : false
    }, {
      "id" : "s1-t36",
      "begin" : 453,
      "end" : 458,
      "text" : "Birth",
      "whiteSpace" : false
    }, {
      "id" : "s1-t37",
      "begin" : 476,
      "end" : 477,
      "text" : ":",
      "whiteSpace" : false
    }, {
      "id" : "s1-t38",
      "begin" : 478,
      "end" : 488,
      "text" : "03-04-2000",
      "whiteSpace" : false
    }, {
      "id" : "s1-t39",
      "begin" : 489,
      "end" : 496,
      "text" : "Address",
      "whiteSpace" : false
    }, {
      "id" : "s1-t40",
      "begin" : 497,
      "end" : 498,
      "text" : ":",
      "whiteSpace" : false
    }, {
      "id" : "s1-t41",
      "begin" : 499,
      "end" : 500,
      "text" : "D",
      "whiteSpace" : false
    }, {
      "id" : "s1-t42",
      "begin" : 501,
      "end" : 503,
      "text" : "no",
      "whiteSpace" : false
    }, {
      "id" : "s1-t43",
      "begin" : 503,
      "end" : 504,
      "text" : ".",
      "whiteSpace" : false
    } ]
  }, {
    "id" : "s2",
    "begin" : 505,
    "end" : 641,
    "text" : "1-59, Panchayat Office Road, Abburu (V), Sattenapalli (M),                                                         Guntur (Dist), 522403",
    "tokens" : [ {
      "id" : "s2-t0",
      "begin" : 505,
      "end" : 509,
      "text" : "1-59",
      "whiteSpace" : false
    }, {
      "id" : "s2-t1",
      "begin" : 509,
      "end" : 510,
      "text" : ",",
      "whiteSpace" : false
    }, {
      "id" : "s2-t2",
      "begin" : 511,
      "end" : 520,
      "text" : "Panchayat",
      "whiteSpace" : false
    }, {
      "id" : "s2-t3",
      "begin" : 521,
      "end" : 527,
      "text" : "Office",
      "whiteSpace" : false
    }, {
      "id" : "s2-t4",
      "begin" : 528,
      "end" : 532,
      "text" : "Road",
      "whiteSpace" : false
    }, {
      "id" : "s2-t5",
      "begin" : 532,
      "end" : 533,
      "text" : ",",
      "whiteSpace" : false
    }, {
      "id" : "s2-t6",
      "begin" : 534,
      "end" : 540,
      "text" : "Abburu",
      "whiteSpace" : false
    }, {
      "id" : "s2-t7",
      "begin" : 541,
      "end" : 542,
      "text" : "(",
      "whiteSpace" : false
    }, {
      "id" : "s2-t8",
      "begin" : 542,
      "end" : 543,
      "text" : "V",
      "whiteSpace" : false
    }, {
      "id" : "s2-t9",
      "begin" : 543,
      "end" : 544,
      "text" : ")",
      "whiteSpace" : false
    }, {
      "id" : "s2-t10",
      "begin" : 544,
      "end" : 545,
      "text" : ",",
      "whiteSpace" : false
    }, {
      "id" : "s2-t11",
      "begin" : 546,
      "end" : 558,
      "text" : "Sattenapalli",
      "whiteSpace" : false
    }, {
      "id" : "s2-t12",
      "begin" : 559,
      "end" : 560,
      "text" : "(",
      "whiteSpace" : false
    }, {
      "id" : "s2-t13",
      "begin" : 560,
      "end" : 561,
      "text" : "M",
      "whiteSpace" : false
    }, {
      "id" : "s2-t14",
      "begin" : 561,
      "end" : 562,
      "text" : ")",
      "whiteSpace" : false
    }, {
      "id" : "s2-t15",
      "begin" : 562,
      "end" : 563,
      "text" : ",",
      "whiteSpace" : false
    }, {
      "id" : "s2-t16",
      "begin" : 620,
      "end" : 626,
      "text" : "Guntur",
      "whiteSpace" : false
    }, {
      "id" : "s2-t17",
      "begin" : 627,
      "end" : 628,
      "text" : "(",
      "whiteSpace" : false
    }, {
      "id" : "s2-t18",
      "begin" : 628,
      "end" : 632,
      "text" : "Dist",
      "whiteSpace" : false
    }, {
      "id" : "s2-t19",
      "begin" : 632,
      "end" : 633,
      "text" : ")",
      "whiteSpace" : false
    }, {
      "id" : "s2-t20",
      "begin" : 633,
      "end" : 634,
      "text" : ",",
      "whiteSpace" : false
    }, {
      "id" : "s2-t21",
      "begin" : 635,
      "end" : 641,
      "text" : "522403",
      "whiteSpace" : false
    } ]
  }, {
    "id" : "s3",
    "begin" : 644,
    "end" : 653,
    "text" : "ACADEMICS",
    "tokens" : [ {
      "id" : "s3-t0",
      "begin" : 644,
      "end" : 653,
      "text" : "ACADEMICS",
      "whiteSpace" : false
    } ]
  }, {
    "id" : "s4",
    "begin" : 659,
    "end" : 719,
    "text" : "Qualification\n\tInstitute\n\tBoard / University\n\tYear\n\t% / CGPA",
    "tokens" : [ {
      "id" : "s4-t0",
      "begin" : 659,
      "end" : 672,
      "text" : "Qualification",
      "whiteSpace" : false
    }, {
      "id" : "s4-t1",
      "begin" : 674,
      "end" : 683,
      "text" : "Institute",
      "whiteSpace" : false
    }, {
      "id" : "s4-t2",
      "begin" : 685,
      "end" : 690,
      "text" : "Board",
      "whiteSpace" : false
    }, {
      "id" : "s4-t3",
      "begin" : 691,
      "end" : 692,
      "text" : "/",
      "whiteSpace" : false
    }, {
      "id" : "s4-t4",
      "begin" : 693,
      "end" : 703,
      "text" : "University",
      "whiteSpace" : false
    }, {
      "id" : "s4-t5",
      "begin" : 705,
      "end" : 709,
      "text" : "Year",
      "whiteSpace" : false
    }, {
      "id" : "s4-t6",
      "begin" : 711,
      "end" : 712,
      "text" : "%",
      "whiteSpace" : false
    }, {
      "id" : "s4-t7",
      "begin" : 713,
      "end" : 714,
      "text" : "/",
      "whiteSpace" : false
    }, {
      "id" : "s4-t8",
      "begin" : 715,
      "end" : 719,
      "text" : "CGPA",
      "whiteSpace" : false
    } ]
  }, {
    "id" : "s5",
    "begin" : 722,
    "end" : 807,
    "text" : "B-Tech\n\tV.R. Siddhartha Engineering College, Vijayawada\n\tJNTU Kakinada\n\t2019\n\t9.20/10",
    "tokens" : [ {
      "id" : "s5-t0",
      "begin" : 722,
      "end" : 723,
      "text" : "B",
      "whiteSpace" : false
    }, {
      "id" : "s5-t1",
      "begin" : 723,
      "end" : 724,
      "text" : "-",
      "whiteSpace" : false
    }, {
      "id" : "s5-t2",
      "begin" : 724,
      "end" : 728,
      "text" : "Tech",
      "whiteSpace" : false
    }, {
      "id" : "s5-t3",
      "begin" : 730,
      "end" : 734,
      "text" : "V.R.",
      "whiteSpace" : false
    }, {
      "id" : "s5-t4",
      "begin" : 735,
      "end" : 745,
      "text" : "Siddhartha",
      "whiteSpace" : false
    }, {
      "id" : "s5-t5",
      "begin" : 746,
      "end" : 757,
      "text" : "Engineering",
      "whiteSpace" : false
    }, {
      "id" : "s5-t6",
      "begin" : 758,
      "end" : 765,
      "text" : "College",
      "whiteSpace" : false
    }, {
      "id" : "s5-t7",
      "begin" : 765,
      "end" : 766,
      "text" : ",",
      "whiteSpace" : false
    }, {
      "id" : "s5-t8",
      "begin" : 767,
      "end" : 777,
      "text" : "Vijayawada",
      "whiteSpace" : false
    }, {
      "id" : "s5-t9",
      "begin" : 779,
      "end" : 783,
      "text" : "JNTU",
      "whiteSpace" : false
    }, {
      "id" : "s5-t10",
      "begin" : 784,
      "end" : 792,
      "text" : "Kakinada",
      "whiteSpace" : false
    }, {
      "id" : "s5-t11",
      "begin" : 794,
      "end" : 798,
      "text" : "2019",
      "whiteSpace" : false
    }, {
      "id" : "s5-t12",
      "begin" : 800,
      "end" : 805,
      "text" : "9.20/",
      "whiteSpace" : false
    }, {
      "id" : "s5-t13",
      "begin" : 805,
      "end" : 807,
      "text" : "10",
      "whiteSpace" : false
    } ]
  }, {
    "id" : "s6",
    "begin" : 810,
    "end" : 898,
    "text" : "XII\n\tSri Chaitanya, Guntur\n\tBoard of Intermediate Education Andhra Pradesh\n\t2017\n\t96.50%",
    "tokens" : [ {
      "id" : "s6-t0",
      "begin" : 810,
      "end" : 813,
      "text" : "XII",
      "whiteSpace" : false
    }, {
      "id" : "s6-t1",
      "begin" : 815,
      "end" : 818,
      "text" : "Sri",
      "whiteSpace" : false
    }, {
      "id" : "s6-t2",
      "begin" : 819,
      "end" : 828,
      "text" : "Chaitanya",
      "whiteSpace" : false
    }, {
      "id" : "s6-t3",
      "begin" : 828,
      "end" : 829,
      "text" : ",",
      "whiteSpace" : false
    }, {
      "id" : "s6-t4",
      "begin" : 830,
      "end" : 836,
      "text" : "Guntur",
      "whiteSpace" : false
    }, {
      "id" : "s6-t5",
      "begin" : 838,
      "end" : 843,
      "text" : "Board",
      "whiteSpace" : false
    }, {
      "id" : "s6-t6",
      "begin" : 844,
      "end" : 846,
      "text" : "of",
      "whiteSpace" : false
    }, {
      "id" : "s6-t7",
      "begin" : 847,
      "end" : 859,
      "text" : "Intermediate",
      "whiteSpace" : false
    }, {
      "id" : "s6-t8",
      "begin" : 860,
      "end" : 869,
      "text" : "Education",
      "whiteSpace" : false
    }, {
      "id" : "s6-t9",
      "begin" : 870,
      "end" : 876,
      "text" : "Andhra",
      "whiteSpace" : false
    }, {
      "id" : "s6-t10",
      "begin" : 877,
      "end" : 884,
      "text" : "Pradesh",
      "whiteSpace" : false
    }, {
      "id" : "s6-t11",
      "begin" : 886,
      "end" : 890,
      "text" : "2017",
      "whiteSpace" : false
    }, {
      "id" : "s6-t12",
      "begin" : 892,
      "end" : 897,
      "text" : "96.50",
      "whiteSpace" : false
    }, {
      "id" : "s6-t13",
      "begin" : 897,
      "end" : 898,
      "text" : "%",
      "whiteSpace" : false
    } ]
  }, {
    "id" : "s7",
    "begin" : 901,
    "end" : 961,
    "text" : "X\n\tBhashyam Public School (BIITFA)-Guntur\n\tSSC\n\t2015\n\t9.5/10",
    "tokens" : [ {
      "id" : "s7-t0",
      "begin" : 901,
      "end" : 902,
      "text" : "X",
      "whiteSpace" : false
    }, {
      "id" : "s7-t1",
      "begin" : 904,
      "end" : 912,
      "text" : "Bhashyam",
      "whiteSpace" : false
    }, {
      "id" : "s7-t2",
      "begin" : 913,
      "end" : 919,
      "text" : "Public",
      "whiteSpace" : false
    }, {
      "id" : "s7-t3",
      "begin" : 920,
      "end" : 926,
      "text" : "School",
      "whiteSpace" : false
    }, {
      "id" : "s7-t4",
      "begin" : 927,
      "end" : 928,
      "text" : "(",
      "whiteSpace" : false
    }, {
      "id" : "s7-t5",
      "begin" : 928,
      "end" : 934,
      "text" : "BIITFA",
      "whiteSpace" : false
    }, {
      "id" : "s7-t6",
      "begin" : 934,
      "end" : 935,
      "text" : ")",
      "whiteSpace" : false
    }, {
      "id" : "s7-t7",
      "begin" : 935,
      "end" : 942,
      "text" : "-Guntur",
      "whiteSpace" : false
    }, {
      "id" : "s7-t8",
      "begin" : 944,
      "end" : 947,
      "text" : "SSC",
      "whiteSpace" : false
    }, {
      "id" : "s7-t9",
      "begin" : 949,
      "end" : 953,
      "text" : "2015",
      "whiteSpace" : false
    }, {
      "id" : "s7-t10",
      "begin" : 955,
      "end" : 959,
      "text" : "9.5/",
      "whiteSpace" : false
    }, {
      "id" : "s7-t11",
      "begin" : 959,
      "end" : 961,
      "text" : "10",
      "whiteSpace" : false
    } ]
  }, {
    "id" : "s8",
    "begin" : 966,
    "end" : 982,
    "text" : "CAREER OBJECTIVE",
    "tokens" : [ {
      "id" : "s8-t0",
      "begin" : 966,
      "end" : 972,
      "text" : "CAREER",
      "whiteSpace" : false
    }, {
      "id" : "s8-t1",
      "begin" : 973,
      "end" : 982,
      "text" : "OBJECTIVE",
      "whiteSpace" : false
    } ]
  }, {
    "id" : "s9",
    "begin" : 986,
    "end" : 1098,
    "text" : "To work for an organization that helps to improve myself as a person and for the development of the organization",
    "tokens" : [ {
      "id" : "s9-t0",
      "begin" : 986,
      "end" : 988,
      "text" : "To",
      "whiteSpace" : false
    }, {
      "id" : "s9-t1",
      "begin" : 989,
      "end" : 993,
      "text" : "work",
      "whiteSpace" : false
    }, {
      "id" : "s9-t2",
      "begin" : 994,
      "end" : 997,
      "text" : "for",
      "whiteSpace" : false
    }, {
      "id" : "s9-t3",
      "begin" : 998,
      "end" : 1000,
      "text" : "an",
      "whiteSpace" : false
    }, {
      "id" : "s9-t4",
      "begin" : 1001,
      "end" : 1013,
      "text" : "organization",
      "whiteSpace" : false
    }, {
      "id" : "s9-t5",
      "begin" : 1014,
      "end" : 1018,
      "text" : "that",
      "whiteSpace" : false
    }, {
      "id" : "s9-t6",
      "begin" : 1019,
      "end" : 1024,
      "text" : "helps",
      "whiteSpace" : false
    }, {
      "id" : "s9-t7",
      "begin" : 1025,
      "end" : 1027,
      "text" : "to",
      "whiteSpace" : false
    }, {
      "id" : "s9-t8",
      "begin" : 1028,
      "end" : 1035,
      "text" : "improve",
      "whiteSpace" : false
    }, {
      "id" : "s9-t9",
      "begin" : 1036,
      "end" : 1042,
      "text" : "myself",
      "whiteSpace" : false
    }, {
      "id" : "s9-t10",
      "begin" : 1043,
      "end" : 1045,
      "text" : "as",
      "whiteSpace" : false
    }, {
      "id" : "s9-t11",
      "begin" : 1046,
      "end" : 1047,
      "text" : "a",
      "whiteSpace" : false
    }, {
      "id" : "s9-t12",
      "begin" : 1048,
      "end" : 1054,
      "text" : "person",
      "whiteSpace" : false
    }, {
      "id" : "s9-t13",
      "begin" : 1055,
      "end" : 1058,
      "text" : "and",
      "whiteSpace" : false
    }, {
      "id" : "s9-t14",
      "begin" : 1059,
      "end" : 1062,
      "text" : "for",
      "whiteSpace" : false
    }, {
      "id" : "s9-t15",
      "begin" : 1063,
      "end" : 1066,
      "text" : "the",
      "whiteSpace" : false
    }, {
      "id" : "s9-t16",
      "begin" : 1067,
      "end" : 1078,
      "text" : "development",
      "whiteSpace" : false
    }, {
      "id" : "s9-t17",
      "begin" : 1079,
      "end" : 1081,
      "text" : "of",
      "whiteSpace" : false
    }, {
      "id" : "s9-t18",
      "begin" : 1082,
      "end" : 1085,
      "text" : "the",
      "whiteSpace" : false
    }, {
      "id" : "s9-t19",
      "begin" : 1086,
      "end" : 1098,
      "text" : "organization",
      "whiteSpace" : false
    } ]
  }, {
    "id" : "s10",
    "begin" : 1102,
    "end" : 1118,
    "text" : "Technical Skills",
    "tokens" : [ {
      "id" : "s10-t0",
      "begin" : 1102,
      "end" : 1111,
      "text" : "Technical",
      "whiteSpace" : false
    }, {
      "id" : "s10-t1",
      "begin" : 1112,
      "end" : 1118,
      "text" : "Skills",
      "whiteSpace" : false
    } ]
  }, {
    "id" : "s11",
    "begin" : 1122,
    "end" : 1196,
    "text" : "· C  & DS\n· C++\n· Python\n· Java (Core)\n· MySQL\n· HTML & CSS\n· R\n\tReference",
    "tokens" : [ {
      "id" : "s11-t0",
      "begin" : 1122,
      "end" : 1123,
      "text" : "·",
      "whiteSpace" : false
    }, {
      "id" : "s11-t1",
      "begin" : 1124,
      "end" : 1125,
      "text" : "C",
      "whiteSpace" : false
    }, {
      "id" : "s11-t2",
      "begin" : 1127,
      "end" : 1128,
      "text" : "&",
      "whiteSpace" : false
    }, {
      "id" : "s11-t3",
      "begin" : 1129,
      "end" : 1131,
      "text" : "DS",
      "whiteSpace" : false
    }, {
      "id" : "s11-t4",
      "begin" : 1132,
      "end" : 1133,
      "text" : "·",
      "whiteSpace" : false
    }, {
      "id" : "s11-t5",
      "begin" : 1134,
      "end" : 1137,
      "text" : "C++",
      "whiteSpace" : false
    }, {
      "id" : "s11-t6",
      "begin" : 1138,
      "end" : 1139,
      "text" : "·",
      "whiteSpace" : false
    }, {
      "id" : "s11-t7",
      "begin" : 1140,
      "end" : 1146,
      "text" : "Python",
      "whiteSpace" : false
    }, {
      "id" : "s11-t8",
      "begin" : 1147,
      "end" : 1148,
      "text" : "·",
      "whiteSpace" : false
    }, {
      "id" : "s11-t9",
      "begin" : 1149,
      "end" : 1153,
      "text" : "Java",
      "whiteSpace" : false
    }, {
      "id" : "s11-t10",
      "begin" : 1154,
      "end" : 1155,
      "text" : "(",
      "whiteSpace" : false
    }, {
      "id" : "s11-t11",
      "begin" : 1155,
      "end" : 1159,
      "text" : "Core",
      "whiteSpace" : false
    }, {
      "id" : "s11-t12",
      "begin" : 1159,
      "end" : 1160,
      "text" : ")",
      "whiteSpace" : false
    }, {
      "id" : "s11-t13",
      "begin" : 1161,
      "end" : 1162,
      "text" : "·",
      "whiteSpace" : false
    }, {
      "id" : "s11-t14",
      "begin" : 1163,
      "end" : 1168,
      "text" : "MySQL",
      "whiteSpace" : false
    }, {
      "id" : "s11-t15",
      "begin" : 1169,
      "end" : 1170,
      "text" : "·",
      "whiteSpace" : false
    }, {
      "id" : "s11-t16",
      "begin" : 1171,
      "end" : 1175,
      "text" : "HTML",
      "whiteSpace" : false
    }, {
      "id" : "s11-t17",
      "begin" : 1176,
      "end" : 1177,
      "text" : "&",
      "whiteSpace" : false
    }, {
      "id" : "s11-t18",
      "begin" : 1178,
      "end" : 1181,
      "text" : "CSS",
      "whiteSpace" : false
    }, {
      "id" : "s11-t19",
      "begin" : 1182,
      "end" : 1183,
      "text" : "·",
      "whiteSpace" : false
    }, {
      "id" : "s11-t20",
      "begin" : 1184,
      "end" : 1185,
      "text" : "R",
      "whiteSpace" : false
    }, {
      "id" : "s11-t21",
      "begin" : 1187,
      "end" : 1196,
      "text" : "Reference",
      "whiteSpace" : false
    } ]
  }, {
    "id" : "s12",
    "begin" : 1200,
    "end" : 1261,
    "text" : "· Hacker Rank: www.hackerrank.com/Bhuvanbandarupa1 \n\tPROJECTS",
    "tokens" : [ {
      "id" : "s12-t0",
      "begin" : 1200,
      "end" : 1201,
      "text" : "·",
      "whiteSpace" : false
    }, {
      "id" : "s12-t1",
      "begin" : 1202,
      "end" : 1208,
      "text" : "Hacker",
      "whiteSpace" : false
    }, {
      "id" : "s12-t2",
      "begin" : 1209,
      "end" : 1213,
      "text" : "Rank",
      "whiteSpace" : false
    }, {
      "id" : "s12-t3",
      "begin" : 1213,
      "end" : 1214,
      "text" : ":",
      "whiteSpace" : false
    }, {
      "id" : "s12-t4",
      "begin" : 1215,
      "end" : 1250,
      "text" : "www.hackerrank.com/Bhuvanbandarupa1",
      "whiteSpace" : false
    }, {
      "id" : "s12-t5",
      "begin" : 1253,
      "end" : 1261,
      "text" : "PROJECTS",
      "whiteSpace" : false
    } ]
  }, {
    "id" : "s13",
    "begin" : 1266,
    "end" : 1281,
    "text" : "GESTURE CONTROL",
    "tokens" : [ {
      "id" : "s13-t0",
      "begin" : 1266,
      "end" : 1273,
      "text" : "GESTURE",
      "whiteSpace" : false
    }, {
      "id" : "s13-t1",
      "begin" : 1274,
      "end" : 1281,
      "text" : "CONTROL",
      "whiteSpace" : false
    } ]
  }, {
    "id" : "s14",
    "begin" : 1283,
    "end" : 1287,
    "text" : "2018",
    "tokens" : [ {
      "id" : "s14-t0",
      "begin" : 1283,
      "end" : 1287,
      "text" : "2018",
      "whiteSpace" : false
    } ]
  }, {
    "id" : "s15",
    "begin" : 1290,
    "end" : 1554,
    "text" : "· This project provides an interface for Arduino with Python and implements a simple project on controlling Arduino with Python Programming Language.Arduino is one of the most powerful open source electronics prototyping platform built around AVR Microcontrollers.",
    "tokens" : [ {
      "id" : "s15-t0",
      "begin" : 1290,
      "end" : 1291,
      "text" : "·",
      "whiteSpace" : false
    }, {
      "id" : "s15-t1",
      "begin" : 1292,
      "end" : 1296,
      "text" : "This",
      "whiteSpace" : false
    }, {
      "id" : "s15-t2",
      "begin" : 1297,
      "end" : 1304,
      "text" : "project",
      "whiteSpace" : false
    }, {
      "id" : "s15-t3",
      "begin" : 1305,
      "end" : 1313,
      "text" : "provides",
      "whiteSpace" : false
    }, {
      "id" : "s15-t4",
      "begin" : 1314,
      "end" : 1316,
      "text" : "an",
      "whiteSpace" : false
    }, {
      "id" : "s15-t5",
      "begin" : 1317,
      "end" : 1326,
      "text" : "interface",
      "whiteSpace" : false
    }, {
      "id" : "s15-t6",
      "begin" : 1327,
      "end" : 1330,
      "text" : "for",
      "whiteSpace" : false
    }, {
      "id" : "s15-t7",
      "begin" : 1331,
      "end" : 1338,
      "text" : "Arduino",
      "whiteSpace" : false
    }, {
      "id" : "s15-t8",
      "begin" : 1339,
      "end" : 1343,
      "text" : "with",
      "whiteSpace" : false
    }, {
      "id" : "s15-t9",
      "begin" : 1344,
      "end" : 1350,
      "text" : "Python",
      "whiteSpace" : false
    }, {
      "id" : "s15-t10",
      "begin" : 1351,
      "end" : 1354,
      "text" : "and",
      "whiteSpace" : false
    }, {
      "id" : "s15-t11",
      "begin" : 1355,
      "end" : 1365,
      "text" : "implements",
      "whiteSpace" : false
    }, {
      "id" : "s15-t12",
      "begin" : 1366,
      "end" : 1367,
      "text" : "a",
      "whiteSpace" : false
    }, {
      "id" : "s15-t13",
      "begin" : 1368,
      "end" : 1374,
      "text" : "simple",
      "whiteSpace" : false
    }, {
      "id" : "s15-t14",
      "begin" : 1375,
      "end" : 1382,
      "text" : "project",
      "whiteSpace" : false
    }, {
      "id" : "s15-t15",
      "begin" : 1383,
      "end" : 1385,
      "text" : "on",
      "whiteSpace" : false
    }, {
      "id" : "s15-t16",
      "begin" : 1386,
      "end" : 1397,
      "text" : "controlling",
      "whiteSpace" : false
    }, {
      "id" : "s15-t17",
      "begin" : 1398,
      "end" : 1405,
      "text" : "Arduino",
      "whiteSpace" : false
    }, {
      "id" : "s15-t18",
      "begin" : 1406,
      "end" : 1410,
      "text" : "with",
      "whiteSpace" : false
    }, {
      "id" : "s15-t19",
      "begin" : 1411,
      "end" : 1417,
      "text" : "Python",
      "whiteSpace" : false
    }, {
      "id" : "s15-t20",
      "begin" : 1418,
      "end" : 1429,
      "text" : "Programming",
      "whiteSpace" : false
    }, {
      "id" : "s15-t21",
      "begin" : 1430,
      "end" : 1446,
      "text" : "Language.Arduino",
      "whiteSpace" : false
    }, {
      "id" : "s15-t22",
      "begin" : 1447,
      "end" : 1449,
      "text" : "is",
      "whiteSpace" : false
    }, {
      "id" : "s15-t23",
      "begin" : 1450,
      "end" : 1453,
      "text" : "one",
      "whiteSpace" : false
    }, {
      "id" : "s15-t24",
      "begin" : 1454,
      "end" : 1456,
      "text" : "of",
      "whiteSpace" : false
    }, {
      "id" : "s15-t25",
      "begin" : 1457,
      "end" : 1460,
      "text" : "the",
      "whiteSpace" : false
    }, {
      "id" : "s15-t26",
      "begin" : 1461,
      "end" : 1465,
      "text" : "most",
      "whiteSpace" : false
    }, {
      "id" : "s15-t27",
      "begin" : 1466,
      "end" : 1474,
      "text" : "powerful",
      "whiteSpace" : false
    }, {
      "id" : "s15-t28",
      "begin" : 1475,
      "end" : 1479,
      "text" : "open",
      "whiteSpace" : false
    }, {
      "id" : "s15-t29",
      "begin" : 1480,
      "end" : 1486,
      "text" : "source",
      "whiteSpace" : false
    }, {
      "id" : "s15-t30",
      "begin" : 1487,
      "end" : 1498,
      "text" : "electronics",
      "whiteSpace" : false
    }, {
      "id" : "s15-t31",
      "begin" : 1499,
      "end" : 1510,
      "text" : "prototyping",
      "whiteSpace" : false
    }, {
      "id" : "s15-t32",
      "begin" : 1511,
      "end" : 1519,
      "text" : "platform",
      "whiteSpace" : false
    }, {
      "id" : "s15-t33",
      "begin" : 1520,
      "end" : 1525,
      "text" : "built",
      "whiteSpace" : false
    }, {
      "id" : "s15-t34",
      "begin" : 1526,
      "end" : 1532,
      "text" : "around",
      "whiteSpace" : false
    }, {
      "id" : "s15-t35",
      "begin" : 1533,
      "end" : 1536,
      "text" : "AVR",
      "whiteSpace" : false
    }, {
      "id" : "s15-t36",
      "begin" : 1537,
      "end" : 1553,
      "text" : "Microcontrollers",
      "whiteSpace" : false
    }, {
      "id" : "s15-t37",
      "begin" : 1553,
      "end" : 1554,
      "text" : ".",
      "whiteSpace" : false
    } ]
  }, {
    "id" : "s16",
    "begin" : 1555,
    "end" : 1658,
    "text" : "Python, on the other hand, is one of the most widely used open source high level programming languages.",
    "tokens" : [ {
      "id" : "s16-t0",
      "begin" : 1555,
      "end" : 1561,
      "text" : "Python",
      "whiteSpace" : false
    }, {
      "id" : "s16-t1",
      "begin" : 1561,
      "end" : 1562,
      "text" : ",",
      "whiteSpace" : false
    }, {
      "id" : "s16-t2",
      "begin" : 1563,
      "end" : 1565,
      "text" : "on",
      "whiteSpace" : false
    }, {
      "id" : "s16-t3",
      "begin" : 1566,
      "end" : 1569,
      "text" : "the",
      "whiteSpace" : false
    }, {
      "id" : "s16-t4",
      "begin" : 1570,
      "end" : 1575,
      "text" : "other",
      "whiteSpace" : false
    }, {
      "id" : "s16-t5",
      "begin" : 1576,
      "end" : 1580,
      "text" : "hand",
      "whiteSpace" : false
    }, {
      "id" : "s16-t6",
      "begin" : 1580,
      "end" : 1581,
      "text" : ",",
      "whiteSpace" : false
    }, {
      "id" : "s16-t7",
      "begin" : 1582,
      "end" : 1584,
      "text" : "is",
      "whiteSpace" : false
    }, {
      "id" : "s16-t8",
      "begin" : 1585,
      "end" : 1588,
      "text" : "one",
      "whiteSpace" : false
    }, {
      "id" : "s16-t9",
      "begin" : 1589,
      "end" : 1591,
      "text" : "of",
      "whiteSpace" : false
    }, {
      "id" : "s16-t10",
      "begin" : 1592,
      "end" : 1595,
      "text" : "the",
      "whiteSpace" : false
    }, {
      "id" : "s16-t11",
      "begin" : 1596,
      "end" : 1600,
      "text" : "most",
      "whiteSpace" : false
    }, {
      "id" : "s16-t12",
      "begin" : 1601,
      "end" : 1607,
      "text" : "widely",
      "whiteSpace" : false
    }, {
      "id" : "s16-t13",
      "begin" : 1608,
      "end" : 1612,
      "text" : "used",
      "whiteSpace" : false
    }, {
      "id" : "s16-t14",
      "begin" : 1613,
      "end" : 1617,
      "text" : "open",
      "whiteSpace" : false
    }, {
      "id" : "s16-t15",
      "begin" : 1618,
      "end" : 1624,
      "text" : "source",
      "whiteSpace" : false
    }, {
      "id" : "s16-t16",
      "begin" : 1625,
      "end" : 1629,
      "text" : "high",
      "whiteSpace" : false
    }, {
      "id" : "s16-t17",
      "begin" : 1630,
      "end" : 1635,
      "text" : "level",
      "whiteSpace" : false
    }, {
      "id" : "s16-t18",
      "begin" : 1636,
      "end" : 1647,
      "text" : "programming",
      "whiteSpace" : false
    }, {
      "id" : "s16-t19",
      "begin" : 1648,
      "end" : 1657,
      "text" : "languages",
      "whiteSpace" : false
    }, {
      "id" : "s16-t20",
      "begin" : 1657,
      "end" : 1658,
      "text" : ".",
      "whiteSpace" : false
    } ]
  }, {
    "id" : "s17",
    "begin" : 1660,
    "end" : 1759,
    "text" : "· Combining Arduino and Python will open doors to a wide range of ideas, projects and combinations.",
    "tokens" : [ {
      "id" : "s17-t0",
      "begin" : 1660,
      "end" : 1661,
      "text" : "·",
      "whiteSpace" : false
    }, {
      "id" : "s17-t1",
      "begin" : 1662,
      "end" : 1671,
      "text" : "Combining",
      "whiteSpace" : false
    }, {
      "id" : "s17-t2",
      "begin" : 1672,
      "end" : 1679,
      "text" : "Arduino",
      "whiteSpace" : false
    }, {
      "id" : "s17-t3",
      "begin" : 1680,
      "end" : 1683,
      "text" : "and",
      "whiteSpace" : false
    }, {
      "id" : "s17-t4",
      "begin" : 1684,
      "end" : 1690,
      "text" : "Python",
      "whiteSpace" : false
    }, {
      "id" : "s17-t5",
      "begin" : 1691,
      "end" : 1695,
      "text" : "will",
      "whiteSpace" : false
    }, {
      "id" : "s17-t6",
      "begin" : 1696,
      "end" : 1700,
      "text" : "open",
      "whiteSpace" : false
    }, {
      "id" : "s17-t7",
      "begin" : 1701,
      "end" : 1706,
      "text" : "doors",
      "whiteSpace" : false
    }, {
      "id" : "s17-t8",
      "begin" : 1707,
      "end" : 1709,
      "text" : "to",
      "whiteSpace" : false
    }, {
      "id" : "s17-t9",
      "begin" : 1710,
      "end" : 1711,
      "text" : "a",
      "whiteSpace" : false
    }, {
      "id" : "s17-t10",
      "begin" : 1712,
      "end" : 1716,
      "text" : "wide",
      "whiteSpace" : false
    }, {
      "id" : "s17-t11",
      "begin" : 1717,
      "end" : 1722,
      "text" : "range",
      "whiteSpace" : false
    }, {
      "id" : "s17-t12",
      "begin" : 1723,
      "end" : 1725,
      "text" : "of",
      "whiteSpace" : false
    }, {
      "id" : "s17-t13",
      "begin" : 1726,
      "end" : 1731,
      "text" : "ideas",
      "whiteSpace" : false
    }, {
      "id" : "s17-t14",
      "begin" : 1731,
      "end" : 1732,
      "text" : ",",
      "whiteSpace" : false
    }, {
      "id" : "s17-t15",
      "begin" : 1733,
      "end" : 1741,
      "text" : "projects",
      "whiteSpace" : false
    }, {
      "id" : "s17-t16",
      "begin" : 1742,
      "end" : 1745,
      "text" : "and",
      "whiteSpace" : false
    }, {
      "id" : "s17-t17",
      "begin" : 1746,
      "end" : 1758,
      "text" : "combinations",
      "whiteSpace" : false
    }, {
      "id" : "s17-t18",
      "begin" : 1758,
      "end" : 1759,
      "text" : ".",
      "whiteSpace" : false
    } ]
  }, {
    "id" : "s18",
    "begin" : 1760,
    "end" : 1958,
    "text" : "One such application is the Internet – of – things or IOT, which requires features like Communication Interfaces like Serial, graphical user interfaces, web interfaces, data storage and many others.",
    "tokens" : [ {
      "id" : "s18-t0",
      "begin" : 1760,
      "end" : 1763,
      "text" : "One",
      "whiteSpace" : false
    }, {
      "id" : "s18-t1",
      "begin" : 1764,
      "end" : 1768,
      "text" : "such",
      "whiteSpace" : false
    }, {
      "id" : "s18-t2",
      "begin" : 1769,
      "end" : 1780,
      "text" : "application",
      "whiteSpace" : false
    }, {
      "id" : "s18-t3",
      "begin" : 1781,
      "end" : 1783,
      "text" : "is",
      "whiteSpace" : false
    }, {
      "id" : "s18-t4",
      "begin" : 1784,
      "end" : 1787,
      "text" : "the",
      "whiteSpace" : false
    }, {
      "id" : "s18-t5",
      "begin" : 1788,
      "end" : 1796,
      "text" : "Internet",
      "whiteSpace" : false
    }, {
      "id" : "s18-t6",
      "begin" : 1797,
      "end" : 1798,
      "text" : "–",
      "whiteSpace" : false
    }, {
      "id" : "s18-t7",
      "begin" : 1799,
      "end" : 1801,
      "text" : "of",
      "whiteSpace" : false
    }, {
      "id" : "s18-t8",
      "begin" : 1802,
      "end" : 1803,
      "text" : "–",
      "whiteSpace" : false
    }, {
      "id" : "s18-t9",
      "begin" : 1804,
      "end" : 1810,
      "text" : "things",
      "whiteSpace" : false
    }, {
      "id" : "s18-t10",
      "begin" : 1811,
      "end" : 1813,
      "text" : "or",
      "whiteSpace" : false
    }, {
      "id" : "s18-t11",
      "begin" : 1814,
      "end" : 1817,
      "text" : "IOT",
      "whiteSpace" : false
    }, {
      "id" : "s18-t12",
      "begin" : 1817,
      "end" : 1818,
      "text" : ",",
      "whiteSpace" : false
    }, {
      "id" : "s18-t13",
      "begin" : 1819,
      "end" : 1824,
      "text" : "which",
      "whiteSpace" : false
    }, {
      "id" : "s18-t14",
      "begin" : 1825,
      "end" : 1833,
      "text" : "requires",
      "whiteSpace" : false
    }, {
      "id" : "s18-t15",
      "begin" : 1834,
      "end" : 1842,
      "text" : "features",
      "whiteSpace" : false
    }, {
      "id" : "s18-t16",
      "begin" : 1843,
      "end" : 1847,
      "text" : "like",
      "whiteSpace" : false
    }, {
      "id" : "s18-t17",
      "begin" : 1848,
      "end" : 1861,
      "text" : "Communication",
      "whiteSpace" : false
    }, {
      "id" : "s18-t18",
      "begin" : 1862,
      "end" : 1872,
      "text" : "Interfaces",
      "whiteSpace" : false
    }, {
      "id" : "s18-t19",
      "begin" : 1873,
      "end" : 1877,
      "text" : "like",
      "whiteSpace" : false
    }, {
      "id" : "s18-t20",
      "begin" : 1878,
      "end" : 1884,
      "text" : "Serial",
      "whiteSpace" : false
    }, {
      "id" : "s18-t21",
      "begin" : 1884,
      "end" : 1885,
      "text" : ",",
      "whiteSpace" : false
    }, {
      "id" : "s18-t22",
      "begin" : 1886,
      "end" : 1895,
      "text" : "graphical",
      "whiteSpace" : false
    }, {
      "id" : "s18-t23",
      "begin" : 1896,
      "end" : 1900,
      "text" : "user",
      "whiteSpace" : false
    }, {
      "id" : "s18-t24",
      "begin" : 1901,
      "end" : 1911,
      "text" : "interfaces",
      "whiteSpace" : false
    }, {
      "id" : "s18-t25",
      "begin" : 1911,
      "end" : 1912,
      "text" : ",",
      "whiteSpace" : false
    }, {
      "id" : "s18-t26",
      "begin" : 1913,
      "end" : 1916,
      "text" : "web",
      "whiteSpace" : false
    }, {
      "id" : "s18-t27",
      "begin" : 1917,
      "end" : 1927,
      "text" : "interfaces",
      "whiteSpace" : false
    }, {
      "id" : "s18-t28",
      "begin" : 1927,
      "end" : 1928,
      "text" : ",",
      "whiteSpace" : false
    }, {
      "id" : "s18-t29",
      "begin" : 1929,
      "end" : 1933,
      "text" : "data",
      "whiteSpace" : false
    }, {
      "id" : "s18-t30",
      "begin" : 1934,
      "end" : 1941,
      "text" : "storage",
      "whiteSpace" : false
    }, {
      "id" : "s18-t31",
      "begin" : 1942,
      "end" : 1945,
      "text" : "and",
      "whiteSpace" : false
    }, {
      "id" : "s18-t32",
      "begin" : 1946,
      "end" : 1950,
      "text" : "many",
      "whiteSpace" : false
    }, {
      "id" : "s18-t33",
      "begin" : 1951,
      "end" : 1957,
      "text" : "others",
      "whiteSpace" : false
    }, {
      "id" : "s18-t34",
      "begin" : 1957,
      "end" : 1958,
      "text" : ".",
      "whiteSpace" : false
    } ]
  }, {
    "id" : "s19",
    "begin" : 1961,
    "end" : 2075,
    "text" : "HIRED INN\n2019\n\t· Creation of an application for hiring people for different local paid works which includes  jobs",
    "tokens" : [ {
      "id" : "s19-t0",
      "begin" : 1961,
      "end" : 1966,
      "text" : "HIRED",
      "whiteSpace" : false
    }, {
      "id" : "s19-t1",
      "begin" : 1967,
      "end" : 1970,
      "text" : "INN",
      "whiteSpace" : false
    }, {
      "id" : "s19-t2",
      "begin" : 1971,
      "end" : 1975,
      "text" : "2019",
      "whiteSpace" : false
    }, {
      "id" : "s19-t3",
      "begin" : 1977,
      "end" : 1978,
      "text" : "·",
      "whiteSpace" : false
    }, {
      "id" : "s19-t4",
      "begin" : 1979,
      "end" : 1987,
      "text" : "Creation",
      "whiteSpace" : false
    }, {
      "id" : "s19-t5",
      "begin" : 1988,
      "end" : 1990,
      "text" : "of",
      "whiteSpace" : false
    }, {
      "id" : "s19-t6",
      "begin" : 1991,
      "end" : 1993,
      "text" : "an",
      "whiteSpace" : false
    }, {
      "id" : "s19-t7",
      "begin" : 1994,
      "end" : 2005,
      "text" : "application",
      "whiteSpace" : false
    }, {
      "id" : "s19-t8",
      "begin" : 2006,
      "end" : 2009,
      "text" : "for",
      "whiteSpace" : false
    }, {
      "id" : "s19-t9",
      "begin" : 2010,
      "end" : 2016,
      "text" : "hiring",
      "whiteSpace" : false
    }, {
      "id" : "s19-t10",
      "begin" : 2017,
      "end" : 2023,
      "text" : "people",
      "whiteSpace" : false
    }, {
      "id" : "s19-t11",
      "begin" : 2024,
      "end" : 2027,
      "text" : "for",
      "whiteSpace" : false
    }, {
      "id" : "s19-t12",
      "begin" : 2028,
      "end" : 2037,
      "text" : "different",
      "whiteSpace" : false
    }, {
      "id" : "s19-t13",
      "begin" : 2038,
      "end" : 2043,
      "text" : "local",
      "whiteSpace" : false
    }, {
      "id" : "s19-t14",
      "begin" : 2044,
      "end" : 2048,
      "text" : "paid",
      "whiteSpace" : false
    }, {
      "id" : "s19-t15",
      "begin" : 2049,
      "end" : 2054,
      "text" : "works",
      "whiteSpace" : false
    }, {
      "id" : "s19-t16",
      "begin" : 2055,
      "end" : 2060,
      "text" : "which",
      "whiteSpace" : false
    }, {
      "id" : "s19-t17",
      "begin" : 2061,
      "end" : 2069,
      "text" : "includes",
      "whiteSpace" : false
    }, {
      "id" : "s19-t18",
      "begin" : 2071,
      "end" : 2075,
      "text" : "jobs",
      "whiteSpace" : false
    } ]
  }, {
    "id" : "s20",
    "begin" : 2081,
    "end" : 2095,
    "text" : "CERTIFICATIONS",
    "tokens" : [ {
      "id" : "s20-t0",
      "begin" : 2081,
      "end" : 2095,
      "text" : "CERTIFICATIONS",
      "whiteSpace" : false
    } ]
  }, {
    "id" : "s21",
    "begin" : 2099,
    "end" : 2424,
    "text" : "· NPTEL - Problem Solving through C\n· NPTEL – Data Science using R\n· NPTEL – Business Analytics and Text Mining Modelling Using Python\n· NPTEL – Joy Of Computing Using Python\n· UDEMY  - HTML5& CSS3 Fundamentals\n· APSSDC –Game Development on Build Box \n· TCS CODEVITA –Qualified Round1 with rank of 2954\n\tACADEMIC ACHIEVEMENTS",
    "tokens" : [ {
      "id" : "s21-t0",
      "begin" : 2099,
      "end" : 2100,
      "text" : "·",
      "whiteSpace" : false
    }, {
      "id" : "s21-t1",
      "begin" : 2101,
      "end" : 2106,
      "text" : "NPTEL",
      "whiteSpace" : false
    }, {
      "id" : "s21-t2",
      "begin" : 2107,
      "end" : 2108,
      "text" : "-",
      "whiteSpace" : false
    }, {
      "id" : "s21-t3",
      "begin" : 2109,
      "end" : 2116,
      "text" : "Problem",
      "whiteSpace" : false
    }, {
      "id" : "s21-t4",
      "begin" : 2117,
      "end" : 2124,
      "text" : "Solving",
      "whiteSpace" : false
    }, {
      "id" : "s21-t5",
      "begin" : 2125,
      "end" : 2132,
      "text" : "through",
      "whiteSpace" : false
    }, {
      "id" : "s21-t6",
      "begin" : 2133,
      "end" : 2134,
      "text" : "C",
      "whiteSpace" : false
    }, {
      "id" : "s21-t7",
      "begin" : 2135,
      "end" : 2136,
      "text" : "·",
      "whiteSpace" : false
    }, {
      "id" : "s21-t8",
      "begin" : 2137,
      "end" : 2142,
      "text" : "NPTEL",
      "whiteSpace" : false
    }, {
      "id" : "s21-t9",
      "begin" : 2143,
      "end" : 2144,
      "text" : "–",
      "whiteSpace" : false
    }, {
      "id" : "s21-t10",
      "begin" : 2145,
      "end" : 2149,
      "text" : "Data",
      "whiteSpace" : false
    }, {
      "id" : "s21-t11",
      "begin" : 2150,
      "end" : 2157,
      "text" : "Science",
      "whiteSpace" : false
    }, {
      "id" : "s21-t12",
      "begin" : 2158,
      "end" : 2163,
      "text" : "using",
      "whiteSpace" : false
    }, {
      "id" : "s21-t13",
      "begin" : 2164,
      "end" : 2165,
      "text" : "R",
      "whiteSpace" : false
    }, {
      "id" : "s21-t14",
      "begin" : 2166,
      "end" : 2167,
      "text" : "·",
      "whiteSpace" : false
    }, {
      "id" : "s21-t15",
      "begin" : 2168,
      "end" : 2173,
      "text" : "NPTEL",
      "whiteSpace" : false
    }, {
      "id" : "s21-t16",
      "begin" : 2174,
      "end" : 2175,
      "text" : "–",
      "whiteSpace" : false
    }, {
      "id" : "s21-t17",
      "begin" : 2176,
      "end" : 2184,
      "text" : "Business",
      "whiteSpace" : false
    }, {
      "id" : "s21-t18",
      "begin" : 2185,
      "end" : 2194,
      "text" : "Analytics",
      "whiteSpace" : false
    }, {
      "id" : "s21-t19",
      "begin" : 2195,
      "end" : 2198,
      "text" : "and",
      "whiteSpace" : false
    }, {
      "id" : "s21-t20",
      "begin" : 2199,
      "end" : 2203,
      "text" : "Text",
      "whiteSpace" : false
    }, {
      "id" : "s21-t21",
      "begin" : 2204,
      "end" : 2210,
      "text" : "Mining",
      "whiteSpace" : false
    }, {
      "id" : "s21-t22",
      "begin" : 2211,
      "end" : 2220,
      "text" : "Modelling",
      "whiteSpace" : false
    }, {
      "id" : "s21-t23",
      "begin" : 2221,
      "end" : 2226,
      "text" : "Using",
      "whiteSpace" : false
    }, {
      "id" : "s21-t24",
      "begin" : 2227,
      "end" : 2233,
      "text" : "Python",
      "whiteSpace" : false
    }, {
      "id" : "s21-t25",
      "begin" : 2234,
      "end" : 2235,
      "text" : "·",
      "whiteSpace" : false
    }, {
      "id" : "s21-t26",
      "begin" : 2236,
      "end" : 2241,
      "text" : "NPTEL",
      "whiteSpace" : false
    }, {
      "id" : "s21-t27",
      "begin" : 2242,
      "end" : 2243,
      "text" : "–",
      "whiteSpace" : false
    }, {
      "id" : "s21-t28",
      "begin" : 2244,
      "end" : 2247,
      "text" : "Joy",
      "whiteSpace" : false
    }, {
      "id" : "s21-t29",
      "begin" : 2248,
      "end" : 2250,
      "text" : "Of",
      "whiteSpace" : false
    }, {
      "id" : "s21-t30",
      "begin" : 2251,
      "end" : 2260,
      "text" : "Computing",
      "whiteSpace" : false
    }, {
      "id" : "s21-t31",
      "begin" : 2261,
      "end" : 2266,
      "text" : "Using",
      "whiteSpace" : false
    }, {
      "id" : "s21-t32",
      "begin" : 2267,
      "end" : 2273,
      "text" : "Python",
      "whiteSpace" : false
    }, {
      "id" : "s21-t33",
      "begin" : 2274,
      "end" : 2275,
      "text" : "·",
      "whiteSpace" : false
    }, {
      "id" : "s21-t34",
      "begin" : 2276,
      "end" : 2281,
      "text" : "UDEMY",
      "whiteSpace" : false
    }, {
      "id" : "s21-t35",
      "begin" : 2283,
      "end" : 2284,
      "text" : "-",
      "whiteSpace" : false
    }, {
      "id" : "s21-t36",
      "begin" : 2285,
      "end" : 2290,
      "text" : "HTML5",
      "whiteSpace" : false
    }, {
      "id" : "s21-t37",
      "begin" : 2290,
      "end" : 2291,
      "text" : "&",
      "whiteSpace" : false
    }, {
      "id" : "s21-t38",
      "begin" : 2292,
      "end" : 2296,
      "text" : "CSS3",
      "whiteSpace" : false
    }, {
      "id" : "s21-t39",
      "begin" : 2297,
      "end" : 2309,
      "text" : "Fundamentals",
      "whiteSpace" : false
    }, {
      "id" : "s21-t40",
      "begin" : 2310,
      "end" : 2311,
      "text" : "·",
      "whiteSpace" : false
    }, {
      "id" : "s21-t41",
      "begin" : 2312,
      "end" : 2318,
      "text" : "APSSDC",
      "whiteSpace" : false
    }, {
      "id" : "s21-t42",
      "begin" : 2319,
      "end" : 2324,
      "text" : "–Game",
      "whiteSpace" : false
    }, {
      "id" : "s21-t43",
      "begin" : 2325,
      "end" : 2336,
      "text" : "Development",
      "whiteSpace" : false
    }, {
      "id" : "s21-t44",
      "begin" : 2337,
      "end" : 2339,
      "text" : "on",
      "whiteSpace" : false
    }, {
      "id" : "s21-t45",
      "begin" : 2340,
      "end" : 2345,
      "text" : "Build",
      "whiteSpace" : false
    }, {
      "id" : "s21-t46",
      "begin" : 2346,
      "end" : 2349,
      "text" : "Box",
      "whiteSpace" : false
    }, {
      "id" : "s21-t47",
      "begin" : 2351,
      "end" : 2352,
      "text" : "·",
      "whiteSpace" : false
    }, {
      "id" : "s21-t48",
      "begin" : 2353,
      "end" : 2356,
      "text" : "TCS",
      "whiteSpace" : false
    }, {
      "id" : "s21-t49",
      "begin" : 2357,
      "end" : 2365,
      "text" : "CODEVITA",
      "whiteSpace" : false
    }, {
      "id" : "s21-t50",
      "begin" : 2366,
      "end" : 2376,
      "text" : "–Qualified",
      "whiteSpace" : false
    }, {
      "id" : "s21-t51",
      "begin" : 2377,
      "end" : 2383,
      "text" : "Round1",
      "whiteSpace" : false
    }, {
      "id" : "s21-t52",
      "begin" : 2384,
      "end" : 2388,
      "text" : "with",
      "whiteSpace" : false
    }, {
      "id" : "s21-t53",
      "begin" : 2389,
      "end" : 2393,
      "text" : "rank",
      "whiteSpace" : false
    }, {
      "id" : "s21-t54",
      "begin" : 2394,
      "end" : 2396,
      "text" : "of",
      "whiteSpace" : false
    }, {
      "id" : "s21-t55",
      "begin" : 2397,
      "end" : 2401,
      "text" : "2954",
      "whiteSpace" : false
    }, {
      "id" : "s21-t56",
      "begin" : 2403,
      "end" : 2411,
      "text" : "ACADEMIC",
      "whiteSpace" : false
    }, {
      "id" : "s21-t57",
      "begin" : 2412,
      "end" : 2424,
      "text" : "ACHIEVEMENTS",
      "whiteSpace" : false
    } ]
  }, {
    "id" : "s22",
    "begin" : 2428,
    "end" : 2481,
    "text" : "· Secured Branch top 1st rank once and 3rd rank twice",
    "tokens" : [ {
      "id" : "s22-t0",
      "begin" : 2428,
      "end" : 2429,
      "text" : "·",
      "whiteSpace" : false
    }, {
      "id" : "s22-t1",
      "begin" : 2430,
      "end" : 2437,
      "text" : "Secured",
      "whiteSpace" : false
    }, {
      "id" : "s22-t2",
      "begin" : 2438,
      "end" : 2444,
      "text" : "Branch",
      "whiteSpace" : false
    }, {
      "id" : "s22-t3",
      "begin" : 2445,
      "end" : 2448,
      "text" : "top",
      "whiteSpace" : false
    }, {
      "id" : "s22-t4",
      "begin" : 2449,
      "end" : 2452,
      "text" : "1st",
      "whiteSpace" : false
    }, {
      "id" : "s22-t5",
      "begin" : 2453,
      "end" : 2457,
      "text" : "rank",
      "whiteSpace" : false
    }, {
      "id" : "s22-t6",
      "begin" : 2458,
      "end" : 2462,
      "text" : "once",
      "whiteSpace" : false
    }, {
      "id" : "s22-t7",
      "begin" : 2463,
      "end" : 2466,
      "text" : "and",
      "whiteSpace" : false
    }, {
      "id" : "s22-t8",
      "begin" : 2467,
      "end" : 2470,
      "text" : "3rd",
      "whiteSpace" : false
    }, {
      "id" : "s22-t9",
      "begin" : 2471,
      "end" : 2475,
      "text" : "rank",
      "whiteSpace" : false
    }, {
      "id" : "s22-t10",
      "begin" : 2476,
      "end" : 2481,
      "text" : "twice",
      "whiteSpace" : false
    } ]
  }, {
    "id" : "s23",
    "begin" : 2484,
    "end" : 2596,
    "text" : "· Secured 2nd place in awaken entrepreneur in pratiyogita conducted by ACM (association for computer machinery).",
    "tokens" : [ {
      "id" : "s23-t0",
      "begin" : 2484,
      "end" : 2485,
      "text" : "·",
      "whiteSpace" : false
    }, {
      "id" : "s23-t1",
      "begin" : 2486,
      "end" : 2493,
      "text" : "Secured",
      "whiteSpace" : false
    }, {
      "id" : "s23-t2",
      "begin" : 2494,
      "end" : 2497,
      "text" : "2nd",
      "whiteSpace" : false
    }, {
      "id" : "s23-t3",
      "begin" : 2498,
      "end" : 2503,
      "text" : "place",
      "whiteSpace" : false
    }, {
      "id" : "s23-t4",
      "begin" : 2504,
      "end" : 2506,
      "text" : "in",
      "whiteSpace" : false
    }, {
      "id" : "s23-t5",
      "begin" : 2507,
      "end" : 2513,
      "text" : "awaken",
      "whiteSpace" : false
    }, {
      "id" : "s23-t6",
      "begin" : 2514,
      "end" : 2526,
      "text" : "entrepreneur",
      "whiteSpace" : false
    }, {
      "id" : "s23-t7",
      "begin" : 2527,
      "end" : 2529,
      "text" : "in",
      "whiteSpace" : false
    }, {
      "id" : "s23-t8",
      "begin" : 2530,
      "end" : 2541,
      "text" : "pratiyogita",
      "whiteSpace" : false
    }, {
      "id" : "s23-t9",
      "begin" : 2542,
      "end" : 2551,
      "text" : "conducted",
      "whiteSpace" : false
    }, {
      "id" : "s23-t10",
      "begin" : 2552,
      "end" : 2554,
      "text" : "by",
      "whiteSpace" : false
    }, {
      "id" : "s23-t11",
      "begin" : 2555,
      "end" : 2558,
      "text" : "ACM",
      "whiteSpace" : false
    }, {
      "id" : "s23-t12",
      "begin" : 2559,
      "end" : 2560,
      "text" : "(",
      "whiteSpace" : false
    }, {
      "id" : "s23-t13",
      "begin" : 2560,
      "end" : 2571,
      "text" : "association",
      "whiteSpace" : false
    }, {
      "id" : "s23-t14",
      "begin" : 2572,
      "end" : 2575,
      "text" : "for",
      "whiteSpace" : false
    }, {
      "id" : "s23-t15",
      "begin" : 2576,
      "end" : 2584,
      "text" : "computer",
      "whiteSpace" : false
    }, {
      "id" : "s23-t16",
      "begin" : 2585,
      "end" : 2594,
      "text" : "machinery",
      "whiteSpace" : false
    }, {
      "id" : "s23-t17",
      "begin" : 2594,
      "end" : 2595,
      "text" : ")",
      "whiteSpace" : false
    }, {
      "id" : "s23-t18",
      "begin" : 2595,
      "end" : 2596,
      "text" : ".",
      "whiteSpace" : false
    } ]
  }, {
    "id" : "s24",
    "begin" : 2597,
    "end" : 2688,
    "text" : "· Secured 3rd place in TECH QUIZ in evolution conducted by CSI (computer society of India).",
    "tokens" : [ {
      "id" : "s24-t0",
      "begin" : 2597,
      "end" : 2598,
      "text" : "·",
      "whiteSpace" : false
    }, {
      "id" : "s24-t1",
      "begin" : 2599,
      "end" : 2606,
      "text" : "Secured",
      "whiteSpace" : false
    }, {
      "id" : "s24-t2",
      "begin" : 2607,
      "end" : 2610,
      "text" : "3rd",
      "whiteSpace" : false
    }, {
      "id" : "s24-t3",
      "begin" : 2611,
      "end" : 2616,
      "text" : "place",
      "whiteSpace" : false
    }, {
      "id" : "s24-t4",
      "begin" : 2617,
      "end" : 2619,
      "text" : "in",
      "whiteSpace" : false
    }, {
      "id" : "s24-t5",
      "begin" : 2620,
      "end" : 2624,
      "text" : "TECH",
      "whiteSpace" : false
    }, {
      "id" : "s24-t6",
      "begin" : 2625,
      "end" : 2629,
      "text" : "QUIZ",
      "whiteSpace" : false
    }, {
      "id" : "s24-t7",
      "begin" : 2630,
      "end" : 2632,
      "text" : "in",
      "whiteSpace" : false
    }, {
      "id" : "s24-t8",
      "begin" : 2633,
      "end" : 2642,
      "text" : "evolution",
      "whiteSpace" : false
    }, {
      "id" : "s24-t9",
      "begin" : 2643,
      "end" : 2652,
      "text" : "conducted",
      "whiteSpace" : false
    }, {
      "id" : "s24-t10",
      "begin" : 2653,
      "end" : 2655,
      "text" : "by",
      "whiteSpace" : false
    }, {
      "id" : "s24-t11",
      "begin" : 2656,
      "end" : 2659,
      "text" : "CSI",
      "whiteSpace" : false
    }, {
      "id" : "s24-t12",
      "begin" : 2660,
      "end" : 2661,
      "text" : "(",
      "whiteSpace" : false
    }, {
      "id" : "s24-t13",
      "begin" : 2661,
      "end" : 2669,
      "text" : "computer",
      "whiteSpace" : false
    }, {
      "id" : "s24-t14",
      "begin" : 2670,
      "end" : 2677,
      "text" : "society",
      "whiteSpace" : false
    }, {
      "id" : "s24-t15",
      "begin" : 2678,
      "end" : 2680,
      "text" : "of",
      "whiteSpace" : false
    }, {
      "id" : "s24-t16",
      "begin" : 2681,
      "end" : 2686,
      "text" : "India",
      "whiteSpace" : false
    }, {
      "id" : "s24-t17",
      "begin" : 2686,
      "end" : 2687,
      "text" : ")",
      "whiteSpace" : false
    }, {
      "id" : "s24-t18",
      "begin" : 2687,
      "end" : 2688,
      "text" : ".",
      "whiteSpace" : false
    } ]
  }, {
    "id" : "s25",
    "begin" : 2693,
    "end" : 2721,
    "text" : "EXTRACURRICULAR ACHIEVEMENTS",
    "tokens" : [ {
      "id" : "s25-t0",
      "begin" : 2693,
      "end" : 2708,
      "text" : "EXTRACURRICULAR",
      "whiteSpace" : false
    }, {
      "id" : "s25-t1",
      "begin" : 2709,
      "end" : 2721,
      "text" : "ACHIEVEMENTS",
      "whiteSpace" : false
    } ]
  }, {
    "id" : "s26",
    "begin" : 2725,
    "end" : 2757,
    "text" : "· Participated in TIRUTSAVA-2019",
    "tokens" : [ {
      "id" : "s26-t0",
      "begin" : 2725,
      "end" : 2726,
      "text" : "·",
      "whiteSpace" : false
    }, {
      "id" : "s26-t1",
      "begin" : 2727,
      "end" : 2739,
      "text" : "Participated",
      "whiteSpace" : false
    }, {
      "id" : "s26-t2",
      "begin" : 2740,
      "end" : 2742,
      "text" : "in",
      "whiteSpace" : false
    }, {
      "id" : "s26-t3",
      "begin" : 2743,
      "end" : 2757,
      "text" : "TIRUTSAVA-2019",
      "whiteSpace" : false
    } ]
  }, {
    "id" : "s27",
    "begin" : 2761,
    "end" : 2778,
    "text" : "HOBBIES/INTERESTS",
    "tokens" : [ {
      "id" : "s27-t0",
      "begin" : 2761,
      "end" : 2778,
      "text" : "HOBBIES/INTERESTS",
      "whiteSpace" : false
    } ]
  }, {
    "id" : "s28",
    "begin" : 2782,
    "end" : 2822,
    "text" : "· Social: Politics, History, World News.",
    "tokens" : [ {
      "id" : "s28-t0",
      "begin" : 2782,
      "end" : 2783,
      "text" : "·",
      "whiteSpace" : false
    }, {
      "id" : "s28-t1",
      "begin" : 2784,
      "end" : 2790,
      "text" : "Social",
      "whiteSpace" : false
    }, {
      "id" : "s28-t2",
      "begin" : 2790,
      "end" : 2791,
      "text" : ":",
      "whiteSpace" : false
    }, {
      "id" : "s28-t3",
      "begin" : 2792,
      "end" : 2800,
      "text" : "Politics",
      "whiteSpace" : false
    }, {
      "id" : "s28-t4",
      "begin" : 2800,
      "end" : 2801,
      "text" : ",",
      "whiteSpace" : false
    }, {
      "id" : "s28-t5",
      "begin" : 2802,
      "end" : 2809,
      "text" : "History",
      "whiteSpace" : false
    }, {
      "id" : "s28-t6",
      "begin" : 2809,
      "end" : 2810,
      "text" : ",",
      "whiteSpace" : false
    }, {
      "id" : "s28-t7",
      "begin" : 2811,
      "end" : 2816,
      "text" : "World",
      "whiteSpace" : false
    }, {
      "id" : "s28-t8",
      "begin" : 2817,
      "end" : 2821,
      "text" : "News",
      "whiteSpace" : false
    }, {
      "id" : "s28-t9",
      "begin" : 2821,
      "end" : 2822,
      "text" : ".",
      "whiteSpace" : false
    } ]
  }, {
    "id" : "s29",
    "begin" : 2823,
    "end" : 2904,
    "text" : "· Personal: Playing Cricket, Badminton, Volley Ball, Cooking, Reading News Paper.",
    "tokens" : [ {
      "id" : "s29-t0",
      "begin" : 2823,
      "end" : 2824,
      "text" : "·",
      "whiteSpace" : false
    }, {
      "id" : "s29-t1",
      "begin" : 2825,
      "end" : 2833,
      "text" : "Personal",
      "whiteSpace" : false
    }, {
      "id" : "s29-t2",
      "begin" : 2833,
      "end" : 2834,
      "text" : ":",
      "whiteSpace" : false
    }, {
      "id" : "s29-t3",
      "begin" : 2835,
      "end" : 2842,
      "text" : "Playing",
      "whiteSpace" : false
    }, {
      "id" : "s29-t4",
      "begin" : 2843,
      "end" : 2850,
      "text" : "Cricket",
      "whiteSpace" : false
    }, {
      "id" : "s29-t5",
      "begin" : 2850,
      "end" : 2851,
      "text" : ",",
      "whiteSpace" : false
    }, {
      "id" : "s29-t6",
      "begin" : 2852,
      "end" : 2861,
      "text" : "Badminton",
      "whiteSpace" : false
    }, {
      "id" : "s29-t7",
      "begin" : 2861,
      "end" : 2862,
      "text" : ",",
      "whiteSpace" : false
    }, {
      "id" : "s29-t8",
      "begin" : 2863,
      "end" : 2869,
      "text" : "Volley",
      "whiteSpace" : false
    }, {
      "id" : "s29-t9",
      "begin" : 2870,
      "end" : 2874,
      "text" : "Ball",
      "whiteSpace" : false
    }, {
      "id" : "s29-t10",
      "begin" : 2874,
      "end" : 2875,
      "text" : ",",
      "whiteSpace" : false
    }, {
      "id" : "s29-t11",
      "begin" : 2876,
      "end" : 2883,
      "text" : "Cooking",
      "whiteSpace" : false
    }, {
      "id" : "s29-t12",
      "begin" : 2883,
      "end" : 2884,
      "text" : ",",
      "whiteSpace" : false
    }, {
      "id" : "s29-t13",
      "begin" : 2885,
      "end" : 2892,
      "text" : "Reading",
      "whiteSpace" : false
    }, {
      "id" : "s29-t14",
      "begin" : 2893,
      "end" : 2897,
      "text" : "News",
      "whiteSpace" : false
    }, {
      "id" : "s29-t15",
      "begin" : 2898,
      "end" : 2903,
      "text" : "Paper",
      "whiteSpace" : false
    }, {
      "id" : "s29-t16",
      "begin" : 2903,
      "end" : 2904,
      "text" : ".",
      "whiteSpace" : false
    } ]
  }, {
    "id" : "s30",
    "begin" : 2907,
    "end" : 2917,
    "text" : "ROLE MODEL",
    "tokens" : [ {
      "id" : "s30-t0",
      "begin" : 2907,
      "end" : 2911,
      "text" : "ROLE",
      "whiteSpace" : false
    }, {
      "id" : "s30-t1",
      "begin" : 2912,
      "end" : 2917,
      "text" : "MODEL",
      "whiteSpace" : false
    } ]
  }, {
    "id" : "s31",
    "begin" : 2921,
    "end" : 2943,
    "text" : "· Brother\n\tDECLARATION",
    "tokens" : [ {
      "id" : "s31-t0",
      "begin" : 2921,
      "end" : 2922,
      "text" : "·",
      "whiteSpace" : false
    }, {
      "id" : "s31-t1",
      "begin" : 2923,
      "end" : 2930,
      "text" : "Brother",
      "whiteSpace" : false
    }, {
      "id" : "s31-t2",
      "begin" : 2932,
      "end" : 2943,
      "text" : "DECLARATION",
      "whiteSpace" : false
    } ]
  }, {
    "id" : "s32",
    "begin" : 2947,
    "end" : 3034,
    "text" : "I hereby declare that the above-mentioned details are true to the best of my knowledge.",
    "tokens" : [ {
      "id" : "s32-t0",
      "begin" : 2947,
      "end" : 2948,
      "text" : "I",
      "whiteSpace" : false
    }, {
      "id" : "s32-t1",
      "begin" : 2949,
      "end" : 2955,
      "text" : "hereby",
      "whiteSpace" : false
    }, {
      "id" : "s32-t2",
      "begin" : 2956,
      "end" : 2963,
      "text" : "declare",
      "whiteSpace" : false
    }, {
      "id" : "s32-t3",
      "begin" : 2964,
      "end" : 2968,
      "text" : "that",
      "whiteSpace" : false
    }, {
      "id" : "s32-t4",
      "begin" : 2969,
      "end" : 2972,
      "text" : "the",
      "whiteSpace" : false
    }, {
      "id" : "s32-t5",
      "begin" : 2973,
      "end" : 2988,
      "text" : "above-mentioned",
      "whiteSpace" : false
    }, {
      "id" : "s32-t6",
      "begin" : 2989,
      "end" : 2996,
      "text" : "details",
      "whiteSpace" : false
    }, {
      "id" : "s32-t7",
      "begin" : 2997,
      "end" : 3000,
      "text" : "are",
      "whiteSpace" : false
    }, {
      "id" : "s32-t8",
      "begin" : 3001,
      "end" : 3005,
      "text" : "true",
      "whiteSpace" : false
    }, {
      "id" : "s32-t9",
      "begin" : 3006,
      "end" : 3008,
      "text" : "to",
      "whiteSpace" : false
    }, {
      "id" : "s32-t10",
      "begin" : 3009,
      "end" : 3012,
      "text" : "the",
      "whiteSpace" : false
    }, {
      "id" : "s32-t11",
      "begin" : 3013,
      "end" : 3017,
      "text" : "best",
      "whiteSpace" : false
    }, {
      "id" : "s32-t12",
      "begin" : 3018,
      "end" : 3020,
      "text" : "of",
      "whiteSpace" : false
    }, {
      "id" : "s32-t13",
      "begin" : 3021,
      "end" : 3023,
      "text" : "my",
      "whiteSpace" : false
    }, {
      "id" : "s32-t14",
      "begin" : 3024,
      "end" : 3033,
      "text" : "knowledge",
      "whiteSpace" : false
    }, {
      "id" : "s32-t15",
      "begin" : 3033,
      "end" : 3034,
      "text" : ".",
      "whiteSpace" : false
    } ]
  }, {
    "id" : "s33",
    "begin" : 3036,
    "end" : 3124,
    "text" : "Date: 13/12/2019\t\t\t\t\t\t\t\t\t\tSignature\nPlace: Vijayawada\t\t\t\t\t\t\t\tBhuvan Chandra Bandarupalli",
    "tokens" : [ {
      "id" : "s33-t0",
      "begin" : 3036,
      "end" : 3040,
      "text" : "Date",
      "whiteSpace" : false
    }, {
      "id" : "s33-t1",
      "begin" : 3040,
      "end" : 3041,
      "text" : ":",
      "whiteSpace" : false
    }, {
      "id" : "s33-t2",
      "begin" : 3042,
      "end" : 3052,
      "text" : "13/12/2019",
      "whiteSpace" : false
    }, {
      "id" : "s33-t3",
      "begin" : 3062,
      "end" : 3071,
      "text" : "Signature",
      "whiteSpace" : false
    }, {
      "id" : "s33-t4",
      "begin" : 3072,
      "end" : 3077,
      "text" : "Place",
      "whiteSpace" : false
    }, {
      "id" : "s33-t5",
      "begin" : 3077,
      "end" : 3078,
      "text" : ":",
      "whiteSpace" : false
    }, {
      "id" : "s33-t6",
      "begin" : 3079,
      "end" : 3089,
      "text" : "Vijayawada",
      "whiteSpace" : false
    }, {
      "id" : "s33-t7",
      "begin" : 3097,
      "end" : 3103,
      "text" : "Bhuvan",
      "whiteSpace" : false
    }, {
      "id" : "s33-t8",
      "begin" : 3104,
      "end" : 3111,
      "text" : "Chandra",
      "whiteSpace" : false
    }, {
      "id" : "s33-t9",
      "begin" : 3112,
      "end" : 3124,
      "text" : "Bandarupalli",
      "whiteSpace" : false
    } ]
  } ],
  "mentions" : [ {
    "id" : "s0-m1",
    "properties" : {
      "SIRE_MENTION_ROLE" : "Name",
      "SIRE_ENTITY_SUBTYPE" : "NONE",
      "SIRE_MENTION_TYPE" : "NONE",
      "SIRE_MENTION_CLASS" : "SPC"
    },
    "type" : "Name",
    "begin" : 23,
    "end" : 50,
    "inCoref" : false
  }, {
    "id" : "s0-m2",
    "properties" : {
      "SIRE_MENTION_ROLE" : "Personal_Details",
      "SIRE_ENTITY_SUBTYPE" : "NONE",
      "SIRE_MENTION_TYPE" : "NONE",
      "SIRE_MENTION_CLASS" : "SPC"
    },
    "type" : "Personal_Details",
    "begin" : 75,
    "end" : 106,
    "inCoref" : false
  }, {
    "id" : "s0-m3",
    "properties" : {
      "SIRE_MENTION_ROLE" : "Personal_Details",
      "SIRE_ENTITY_SUBTYPE" : "NONE",
      "SIRE_MENTION_TYPE" : "NONE",
      "SIRE_MENTION_CLASS" : "SPC"
    },
    "type" : "Personal_Details",
    "begin" : 125,
    "end" : 135,
    "inCoref" : false
  }, {
    "id" : "s1-m1",
    "properties" : {
      "SIRE_MENTION_ROLE" : "Personal_Details",
      "SIRE_ENTITY_SUBTYPE" : "NONE",
      "SIRE_MENTION_TYPE" : "NONE",
      "SIRE_MENTION_CLASS" : "SPC"
    },
    "type" : "Personal_Details",
    "begin" : 196,
    "end" : 223,
    "inCoref" : false
  }, {
    "id" : "s1-m2",
    "properties" : {
      "SIRE_MENTION_ROLE" : "Personal_Details",
      "SIRE_ENTITY_SUBTYPE" : "NONE",
      "SIRE_MENTION_TYPE" : "NONE",
      "SIRE_MENTION_CLASS" : "SPC"
    },
    "type" : "Personal_Details",
    "begin" : 258,
    "end" : 279,
    "inCoref" : false
  }, {
    "id" : "s1-m3",
    "properties" : {
      "SIRE_MENTION_ROLE" : "Personal_Details",
      "SIRE_ENTITY_SUBTYPE" : "NONE",
      "SIRE_MENTION_TYPE" : "NONE",
      "SIRE_MENTION_CLASS" : "SPC"
    },
    "type" : "Personal_Details",
    "begin" : 313,
    "end" : 330,
    "inCoref" : false
  }, {
    "id" : "s1-m4",
    "properties" : {
      "SIRE_MENTION_ROLE" : "Personal_Details",
      "SIRE_ENTITY_SUBTYPE" : "NONE",
      "SIRE_MENTION_TYPE" : "NONE",
      "SIRE_MENTION_CLASS" : "SPC"
    },
    "type" : "Personal_Details",
    "begin" : 393,
    "end" : 397,
    "inCoref" : false
  }, {
    "id" : "s1-m5",
    "properties" : {
      "SIRE_MENTION_ROLE" : "Languages",
      "SIRE_ENTITY_SUBTYPE" : "NONE",
      "SIRE_MENTION_TYPE" : "NONE",
      "SIRE_MENTION_CLASS" : "SPC"
    },
    "type" : "Languages",
    "begin" : 429,
    "end" : 436,
    "inCoref" : false
  }, {
    "id" : "s1-m6",
    "properties" : {
      "SIRE_MENTION_ROLE" : "Languages",
      "SIRE_ENTITY_SUBTYPE" : "NONE",
      "SIRE_MENTION_TYPE" : "NONE",
      "SIRE_MENTION_CLASS" : "SPC"
    },
    "type" : "Languages",
    "begin" : 438,
    "end" : 444,
    "inCoref" : false
  }, {
    "id" : "s1-m7",
    "properties" : {
      "SIRE_MENTION_ROLE" : "Personal_Details",
      "SIRE_ENTITY_SUBTYPE" : "NONE",
      "SIRE_MENTION_TYPE" : "NONE",
      "SIRE_MENTION_CLASS" : "SPC"
    },
    "type" : "Personal_Details",
    "begin" : 478,
    "end" : 488,
    "inCoref" : false
  }, {
    "id" : "s2-m1",
    "properties" : {
      "SIRE_MENTION_ROLE" : "Personal_Details",
      "SIRE_ENTITY_SUBTYPE" : "NONE",
      "SIRE_MENTION_TYPE" : "NONE",
      "SIRE_MENTION_CLASS" : "SPC"
    },
    "type" : "Personal_Details",
    "begin" : 505,
    "end" : 641,
    "inCoref" : false
  }, {
    "id" : "s5-m1",
    "properties" : {
      "SIRE_MENTION_ROLE" : "Education",
      "SIRE_ENTITY_SUBTYPE" : "NONE",
      "SIRE_MENTION_TYPE" : "NONE",
      "SIRE_MENTION_CLASS" : "SPC"
    },
    "type" : "Education",
    "begin" : 730,
    "end" : 765,
    "inCoref" : false
  }, {
    "id" : "s5-m3",
    "properties" : {
      "SIRE_MENTION_ROLE" : "Education",
      "SIRE_ENTITY_SUBTYPE" : "NONE",
      "SIRE_MENTION_TYPE" : "NONE",
      "SIRE_MENTION_CLASS" : "SPC"
    },
    "type" : "Education",
    "begin" : 794,
    "end" : 798,
    "inCoref" : false
  }, {
    "id" : "s5-m2",
    "properties" : {
      "SIRE_MENTION_ROLE" : "Education",
      "SIRE_ENTITY_SUBTYPE" : "NONE",
      "SIRE_MENTION_TYPE" : "NONE",
      "SIRE_MENTION_CLASS" : "SPC"
    },
    "type" : "Education",
    "begin" : 800,
    "end" : 807,
    "inCoref" : false
  }, {
    "id" : "s6-m1",
    "properties" : {
      "SIRE_MENTION_ROLE" : "Education",
      "SIRE_ENTITY_SUBTYPE" : "NONE",
      "SIRE_MENTION_TYPE" : "NONE",
      "SIRE_MENTION_CLASS" : "SPC"
    },
    "type" : "Education",
    "begin" : 815,
    "end" : 828,
    "inCoref" : false
  }, {
    "id" : "s6-m3",
    "properties" : {
      "SIRE_MENTION_ROLE" : "Education",
      "SIRE_ENTITY_SUBTYPE" : "NONE",
      "SIRE_MENTION_TYPE" : "NONE",
      "SIRE_MENTION_CLASS" : "SPC"
    },
    "type" : "Education",
    "begin" : 886,
    "end" : 890,
    "inCoref" : false
  }, {
    "id" : "s6-m2",
    "properties" : {
      "SIRE_MENTION_ROLE" : "Education",
      "SIRE_ENTITY_SUBTYPE" : "NONE",
      "SIRE_MENTION_TYPE" : "NONE",
      "SIRE_MENTION_CLASS" : "SPC"
    },
    "type" : "Education",
    "begin" : 892,
    "end" : 897,
    "inCoref" : false
  }, {
    "id" : "s7-m1",
    "properties" : {
      "SIRE_MENTION_ROLE" : "Education",
      "SIRE_ENTITY_SUBTYPE" : "NONE",
      "SIRE_MENTION_TYPE" : "NONE",
      "SIRE_MENTION_CLASS" : "SPC"
    },
    "type" : "Education",
    "begin" : 904,
    "end" : 926,
    "inCoref" : false
  }, {
    "id" : "s7-m3",
    "properties" : {
      "SIRE_MENTION_ROLE" : "Education",
      "SIRE_ENTITY_SUBTYPE" : "NONE",
      "SIRE_MENTION_TYPE" : "NONE",
      "SIRE_MENTION_CLASS" : "SPC"
    },
    "type" : "Education",
    "begin" : 949,
    "end" : 953,
    "inCoref" : false
  }, {
    "id" : "s7-m2",
    "properties" : {
      "SIRE_MENTION_ROLE" : "Education",
      "SIRE_ENTITY_SUBTYPE" : "NONE",
      "SIRE_MENTION_TYPE" : "NONE",
      "SIRE_MENTION_CLASS" : "SPC"
    },
    "type" : "Education",
    "begin" : 955,
    "end" : 961,
    "inCoref" : false
  }, {
    "id" : "s11-m1",
    "properties" : {
      "SIRE_MENTION_ROLE" : "skills",
      "SIRE_ENTITY_SUBTYPE" : "NONE",
      "SIRE_MENTION_TYPE" : "NONE",
      "SIRE_MENTION_CLASS" : "SPC"
    },
    "type" : "skills",
    "begin" : 1124,
    "end" : 1125,
    "inCoref" : false
  }, {
    "id" : "s11-m2",
    "properties" : {
      "SIRE_MENTION_ROLE" : "skills",
      "SIRE_ENTITY_SUBTYPE" : "NONE",
      "SIRE_MENTION_TYPE" : "NONE",
      "SIRE_MENTION_CLASS" : "SPC"
    },
    "type" : "skills",
    "begin" : 1129,
    "end" : 1131,
    "inCoref" : false
  }, {
    "id" : "s11-m3",
    "properties" : {
      "SIRE_MENTION_ROLE" : "skills",
      "SIRE_ENTITY_SUBTYPE" : "NONE",
      "SIRE_MENTION_TYPE" : "NONE",
      "SIRE_MENTION_CLASS" : "SPC"
    },
    "type" : "skills",
    "begin" : 1134,
    "end" : 1137,
    "inCoref" : false
  }, {
    "id" : "s11-m4",
    "properties" : {
      "SIRE_MENTION_ROLE" : "skills",
      "SIRE_ENTITY_SUBTYPE" : "NONE",
      "SIRE_MENTION_TYPE" : "NONE",
      "SIRE_MENTION_CLASS" : "SPC"
    },
    "type" : "skills",
    "begin" : 1140,
    "end" : 1146,
    "inCoref" : false
  }, {
    "id" : "s11-m5",
    "properties" : {
      "SIRE_MENTION_ROLE" : "skills",
      "SIRE_ENTITY_SUBTYPE" : "NONE",
      "SIRE_MENTION_TYPE" : "NONE",
      "SIRE_MENTION_CLASS" : "SPC"
    },
    "type" : "skills",
    "begin" : 1149,
    "end" : 1160,
    "inCoref" : false
  }, {
    "id" : "s11-m6",
    "properties" : {
      "SIRE_MENTION_ROLE" : "skills",
      "SIRE_ENTITY_SUBTYPE" : "NONE",
      "SIRE_MENTION_TYPE" : "NONE",
      "SIRE_MENTION_CLASS" : "SPC"
    },
    "type" : "skills",
    "begin" : 1163,
    "end" : 1168,
    "inCoref" : false
  }, {
    "id" : "s11-m7",
    "properties" : {
      "SIRE_MENTION_ROLE" : "skills",
      "SIRE_ENTITY_SUBTYPE" : "NONE",
      "SIRE_MENTION_TYPE" : "NONE",
      "SIRE_MENTION_CLASS" : "SPC"
    },
    "type" : "skills",
    "begin" : 1171,
    "end" : 1175,
    "inCoref" : false
  }, {
    "id" : "s11-m8",
    "properties" : {
      "SIRE_MENTION_ROLE" : "skills",
      "SIRE_ENTITY_SUBTYPE" : "NONE",
      "SIRE_MENTION_TYPE" : "NONE",
      "SIRE_MENTION_CLASS" : "SPC"
    },
    "type" : "skills",
    "begin" : 1178,
    "end" : 1181,
    "inCoref" : false
  }, {
    "id" : "s11-m9",
    "properties" : {
      "SIRE_MENTION_ROLE" : "skills",
      "SIRE_ENTITY_SUBTYPE" : "NONE",
      "SIRE_MENTION_TYPE" : "NONE",
      "SIRE_MENTION_CLASS" : "SPC"
    },
    "type" : "skills",
    "begin" : 1184,
    "end" : 1185,
    "inCoref" : false
  }, {
    "id" : "s13-m1",
    "properties" : {
      "SIRE_MENTION_ROLE" : "Projects",
      "SIRE_ENTITY_SUBTYPE" : "NONE",
      "SIRE_MENTION_TYPE" : "NONE",
      "SIRE_MENTION_CLASS" : "SPC"
    },
    "type" : "Projects",
    "begin" : 1266,
    "end" : 1281,
    "inCoref" : false
  }, {
    "id" : "s19-m1",
    "properties" : {
      "SIRE_MENTION_ROLE" : "Projects",
      "SIRE_ENTITY_SUBTYPE" : "NONE",
      "SIRE_MENTION_TYPE" : "NONE",
      "SIRE_MENTION_CLASS" : "SPC"
    },
    "type" : "Projects",
    "begin" : 1961,
    "end" : 1975,
    "inCoref" : false
  }, {
    "id" : "s21-m1",
    "properties" : {
      "SIRE_MENTION_ROLE" : "Achievements",
      "SIRE_ENTITY_SUBTYPE" : "NONE",
      "SIRE_MENTION_TYPE" : "NONE",
      "SIRE_MENTION_CLASS" : "SPC"
    },
    "type" : "Achievements",
    "begin" : 2109,
    "end" : 2134,
    "inCoref" : false
  }, {
    "id" : "s21-m2",
    "properties" : {
      "SIRE_MENTION_ROLE" : "Achievements",
      "SIRE_ENTITY_SUBTYPE" : "NONE",
      "SIRE_MENTION_TYPE" : "NONE",
      "SIRE_MENTION_CLASS" : "SPC"
    },
    "type" : "Achievements",
    "begin" : 2145,
    "end" : 2165,
    "inCoref" : false
  }, {
    "id" : "s21-m3",
    "properties" : {
      "SIRE_MENTION_ROLE" : "Achievements",
      "SIRE_ENTITY_SUBTYPE" : "NONE",
      "SIRE_MENTION_TYPE" : "NONE",
      "SIRE_MENTION_CLASS" : "SPC"
    },
    "type" : "Achievements",
    "begin" : 2176,
    "end" : 2233,
    "inCoref" : false
  }, {
    "id" : "s21-m4",
    "properties" : {
      "SIRE_MENTION_ROLE" : "Achievements",
      "SIRE_ENTITY_SUBTYPE" : "NONE",
      "SIRE_MENTION_TYPE" : "NONE",
      "SIRE_MENTION_CLASS" : "SPC"
    },
    "type" : "Achievements",
    "begin" : 2244,
    "end" : 2273,
    "inCoref" : false
  }, {
    "id" : "s21-m5",
    "properties" : {
      "SIRE_MENTION_ROLE" : "Achievements",
      "SIRE_ENTITY_SUBTYPE" : "NONE",
      "SIRE_MENTION_TYPE" : "NONE",
      "SIRE_MENTION_CLASS" : "SPC"
    },
    "type" : "Achievements",
    "begin" : 2285,
    "end" : 2309,
    "inCoref" : false
  }, {
    "id" : "s21-m6",
    "properties" : {
      "SIRE_MENTION_ROLE" : "Achievements",
      "SIRE_ENTITY_SUBTYPE" : "NONE",
      "SIRE_MENTION_TYPE" : "NONE",
      "SIRE_MENTION_CLASS" : "SPC"
    },
    "type" : "Achievements",
    "begin" : 2319,
    "end" : 2349,
    "inCoref" : false
  }, {
    "id" : "s21-m7",
    "properties" : {
      "SIRE_MENTION_ROLE" : "Achievements",
      "SIRE_ENTITY_SUBTYPE" : "NONE",
      "SIRE_MENTION_TYPE" : "NONE",
      "SIRE_MENTION_CLASS" : "SPC"
    },
    "type" : "Achievements",
    "begin" : 2353,
    "end" : 2401,
    "inCoref" : false
  }, {
    "id" : "s22-m1",
    "properties" : {
      "SIRE_MENTION_ROLE" : "Achievements",
      "SIRE_ENTITY_SUBTYPE" : "NONE",
      "SIRE_MENTION_TYPE" : "NONE",
      "SIRE_MENTION_CLASS" : "SPC"
    },
    "type" : "Achievements",
    "begin" : 2449,
    "end" : 2481,
    "inCoref" : false
  }, {
    "id" : "s23-m1",
    "properties" : {
      "SIRE_MENTION_ROLE" : "Achievements",
      "SIRE_ENTITY_SUBTYPE" : "NONE",
      "SIRE_MENTION_TYPE" : "NONE",
      "SIRE_MENTION_CLASS" : "SPC"
    },
    "type" : "Achievements",
    "begin" : 2494,
    "end" : 2526,
    "inCoref" : false
  }, {
    "id" : "s24-m1",
    "properties" : {
      "SIRE_MENTION_ROLE" : "Achievements",
      "SIRE_ENTITY_SUBTYPE" : "NONE",
      "SIRE_MENTION_TYPE" : "NONE",
      "SIRE_MENTION_CLASS" : "SPC"
    },
    "type" : "Achievements",
    "begin" : 2607,
    "end" : 2629,
    "inCoref" : false
  }, {
    "id" : "s26-m1",
    "properties" : {
      "SIRE_MENTION_ROLE" : "Activities",
      "SIRE_ENTITY_SUBTYPE" : "NONE",
      "SIRE_MENTION_TYPE" : "NONE",
      "SIRE_MENTION_CLASS" : "SPC"
    },
    "type" : "Activities",
    "begin" : 2727,
    "end" : 2757,
    "inCoref" : false
  } ],
  "relations" : [ ],
  "corefs" : [ ],
  "typeResolved" : true,
  "userResolved" : false
}