{
  "id" : "37d8c710-b6de-11ea-a029-4702acae9beb-0",
  "name" : "CV_2020-04-20-095029.pdf",
  "createdDate" : 0,
  "version" : 3,
  "text" : "\n\n\nABDUL ZAHEER\nzaheerabdul46@gmail.com\n8328139770\n32-34-6,opp srr college ,masid\nstreet,machavaram,vijayawada,krishna,ap,india,520004.\n Education\nVelagapudi Ramakrishna siddartha engineering college\n2021\nB.tech \n7.87/10\nSri Chaitanya RT bhavan\n2017\nIntermediate \n9.41/10\nNoble Kids English Medium high school\n2015\nSSC \n8.7/10\n Skills\nCommunication , Active listening , Team building , Decision making , Problem solving .\nMs office , Ms excel , Ms access .\nProgramming languages : C programming , C++ , Python , Java , R programming , Data structures .\nWeb development : HTML , CSS , PHP , Xml , javascript .\nMachine learning , Artificial intelligence , Network security , Cyber security , Big data , Software\nEngineering .\n Projects\nFOOD DONATION App development\nDeveloped an android application about food donation in android studios with authentication with\nfirebase and datastorage in firestore\nEarlier Prediction of SEPSIS.\nDome project on earlier Prediction of Sepsis by analysing the condition of the patient by Machine\nLearning Algorithm.\nThe Alarm Management and Analysis\nPrediction of Leakage of Gas from Gas pipelines by analysing the parameters and pressure in the\nGas pipelies through the Alarm Management and Analytics using Machine Learning Algorithm.\n Achievements & Awards\nDone Nptel certifications: Elite certification in - Problem solving through programming in c , Elite\ncertification in - The joy of computing using python , Elite certification in - Data science for\nengineers , Elite certification in - Innovation business models and entrepreneurship .\nABDUL ZAHEER\nGot 1st prize in ppt presentation about plastic wastage in college level events , Got 2nd prize in\nquiz conducted by CSI college student chapter events , Got 4th prize in pair programming in TECH\nBLOOM events conducted by CSI student chapter VRSEC.\nSelected in state level competition in application development in ITSSB conducted by APSSDC ,\nSelected for national level team project of SIH conducted by MHRD for the project on Sepsis and\nDesign of Alarm management and Analytics for detection of leakage of Gas fron the Gas pipelines .\nCertifications in coursera: Certified for the course AI for Everyone by DeepLearning.io , Certified by\nsuccessfully completing the course of How to write a resume (Project-centered course)by The\nState University of New York , Certified for the course Build a simple app in Android studios in Java\nby Rhyme.\n Language\nCan Read ,Write ,Speak and Understand - English,Hindi,Telugu.\n",
  "docLength" : 0,
  "language" : "EN",
  "status" : "IN_PROGRESS",
  "modifiedDate" : 1593090971649,
  "documentSet" : [ ],
  "preannotation" : [ ],
  "sentences" : [ {
    "id" : "s0",
    "begin" : 0,
    "end" : 138,
    "text" : "\n\n\nABDUL ZAHEER\nzaheerabdul46@gmail.com\n8328139770\n32-34-6,opp srr college ,masid\nstreet,machavaram,vijayawada,krishna,ap,india,520004.",
    "tokens" : [ {
      "id" : "s0-t0",
      "begin" : 0,
      "end" : 1,
      "text" : "",
      "whiteSpace" : false
    }, {
      "id" : "s0-t1",
      "begin" : 2,
      "end" : 3,
      "text" : "",
      "whiteSpace" : false
    }, {
      "id" : "s0-t2",
      "begin" : 4,
      "end" : 5,
      "text" : "",
      "whiteSpace" : false
    }, {
      "id" : "s0-t3",
      "begin" : 6,
      "end" : 11,
      "text" : "ABDUL",
      "whiteSpace" : false
    }, {
      "id" : "s0-t4",
      "begin" : 12,
      "end" : 18,
      "text" : "ZAHEER",
      "whiteSpace" : false
    }, {
      "id" : "s0-t5",
      "begin" : 19,
      "end" : 42,
      "text" : "zaheerabdul46@gmail.com",
      "whiteSpace" : false
    }, {
      "id" : "s0-t6",
      "begin" : 43,
      "end" : 53,
      "text" : "8328139770",
      "whiteSpace" : false
    }, {
      "id" : "s0-t7",
      "begin" : 54,
      "end" : 61,
      "text" : "32-34-6",
      "whiteSpace" : false
    }, {
      "id" : "s0-t8",
      "begin" : 61,
      "end" : 65,
      "text" : ",opp",
      "whiteSpace" : false
    }, {
      "id" : "s0-t9",
      "begin" : 66,
      "end" : 69,
      "text" : "srr",
      "whiteSpace" : false
    }, {
      "id" : "s0-t10",
      "begin" : 70,
      "end" : 77,
      "text" : "college",
      "whiteSpace" : false
    }, {
      "id" : "s0-t11",
      "begin" : 78,
      "end" : 79,
      "text" : ",",
      "whiteSpace" : false
    }, {
      "id" : "s0-t12",
      "begin" : 79,
      "end" : 84,
      "text" : "masid",
      "whiteSpace" : false
    }, {
      "id" : "s0-t13",
      "begin" : 85,
      "end" : 91,
      "text" : "street",
      "whiteSpace" : false
    }, {
      "id" : "s0-t14",
      "begin" : 91,
      "end" : 92,
      "text" : ",",
      "whiteSpace" : false
    }, {
      "id" : "s0-t15",
      "begin" : 92,
      "end" : 102,
      "text" : "machavaram",
      "whiteSpace" : false
    }, {
      "id" : "s0-t16",
      "begin" : 102,
      "end" : 103,
      "text" : ",",
      "whiteSpace" : false
    }, {
      "id" : "s0-t17",
      "begin" : 103,
      "end" : 113,
      "text" : "vijayawada",
      "whiteSpace" : false
    }, {
      "id" : "s0-t18",
      "begin" : 113,
      "end" : 114,
      "text" : ",",
      "whiteSpace" : false
    }, {
      "id" : "s0-t19",
      "begin" : 114,
      "end" : 121,
      "text" : "krishna",
      "whiteSpace" : false
    }, {
      "id" : "s0-t20",
      "begin" : 121,
      "end" : 122,
      "text" : ",",
      "whiteSpace" : false
    }, {
      "id" : "s0-t21",
      "begin" : 122,
      "end" : 124,
      "text" : "ap",
      "whiteSpace" : false
    }, {
      "id" : "s0-t22",
      "begin" : 124,
      "end" : 125,
      "text" : ",",
      "whiteSpace" : false
    }, {
      "id" : "s0-t23",
      "begin" : 125,
      "end" : 137,
      "text" : "india,520004",
      "whiteSpace" : false
    }, {
      "id" : "s0-t24",
      "begin" : 137,
      "end" : 138,
      "text" : ".",
      "whiteSpace" : false
    } ]
  }, {
    "id" : "s1",
    "begin" : 139,
    "end" : 426,
    "text" : " Education\nVelagapudi Ramakrishna siddartha engineering college\n2021\nB.tech \n7.87/10\nSri Chaitanya RT bhavan\n2017\nIntermediate \n9.41/10\nNoble Kids English Medium high school\n2015\nSSC \n8.7/10\n Skills\nCommunication , Active listening , Team building , Decision making , Problem solving .",
    "tokens" : [ {
      "id" : "s1-t0",
      "begin" : 139,
      "end" : 140,
      "text" : "",
      "whiteSpace" : false
    }, {
      "id" : "s1-t1",
      "begin" : 141,
      "end" : 150,
      "text" : "Education",
      "whiteSpace" : false
    }, {
      "id" : "s1-t2",
      "begin" : 151,
      "end" : 161,
      "text" : "Velagapudi",
      "whiteSpace" : false
    }, {
      "id" : "s1-t3",
      "begin" : 162,
      "end" : 173,
      "text" : "Ramakrishna",
      "whiteSpace" : false
    }, {
      "id" : "s1-t4",
      "begin" : 174,
      "end" : 183,
      "text" : "siddartha",
      "whiteSpace" : false
    }, {
      "id" : "s1-t5",
      "begin" : 184,
      "end" : 195,
      "text" : "engineering",
      "whiteSpace" : false
    }, {
      "id" : "s1-t6",
      "begin" : 196,
      "end" : 203,
      "text" : "college",
      "whiteSpace" : false
    }, {
      "id" : "s1-t7",
      "begin" : 204,
      "end" : 208,
      "text" : "2021",
      "whiteSpace" : false
    }, {
      "id" : "s1-t8",
      "begin" : 209,
      "end" : 211,
      "text" : "B.",
      "whiteSpace" : false
    }, {
      "id" : "s1-t9",
      "begin" : 211,
      "end" : 215,
      "text" : "tech",
      "whiteSpace" : false
    }, {
      "id" : "s1-t10",
      "begin" : 217,
      "end" : 222,
      "text" : "7.87/",
      "whiteSpace" : false
    }, {
      "id" : "s1-t11",
      "begin" : 222,
      "end" : 224,
      "text" : "10",
      "whiteSpace" : false
    }, {
      "id" : "s1-t12",
      "begin" : 225,
      "end" : 228,
      "text" : "Sri",
      "whiteSpace" : false
    }, {
      "id" : "s1-t13",
      "begin" : 229,
      "end" : 238,
      "text" : "Chaitanya",
      "whiteSpace" : false
    }, {
      "id" : "s1-t14",
      "begin" : 239,
      "end" : 241,
      "text" : "RT",
      "whiteSpace" : false
    }, {
      "id" : "s1-t15",
      "begin" : 242,
      "end" : 248,
      "text" : "bhavan",
      "whiteSpace" : false
    }, {
      "id" : "s1-t16",
      "begin" : 249,
      "end" : 253,
      "text" : "2017",
      "whiteSpace" : false
    }, {
      "id" : "s1-t17",
      "begin" : 254,
      "end" : 266,
      "text" : "Intermediate",
      "whiteSpace" : false
    }, {
      "id" : "s1-t18",
      "begin" : 268,
      "end" : 273,
      "text" : "9.41/",
      "whiteSpace" : false
    }, {
      "id" : "s1-t19",
      "begin" : 273,
      "end" : 275,
      "text" : "10",
      "whiteSpace" : false
    }, {
      "id" : "s1-t20",
      "begin" : 276,
      "end" : 281,
      "text" : "Noble",
      "whiteSpace" : false
    }, {
      "id" : "s1-t21",
      "begin" : 282,
      "end" : 286,
      "text" : "Kids",
      "whiteSpace" : false
    }, {
      "id" : "s1-t22",
      "begin" : 287,
      "end" : 294,
      "text" : "English",
      "whiteSpace" : false
    }, {
      "id" : "s1-t23",
      "begin" : 295,
      "end" : 301,
      "text" : "Medium",
      "whiteSpace" : false
    }, {
      "id" : "s1-t24",
      "begin" : 302,
      "end" : 306,
      "text" : "high",
      "whiteSpace" : false
    }, {
      "id" : "s1-t25",
      "begin" : 307,
      "end" : 313,
      "text" : "school",
      "whiteSpace" : false
    }, {
      "id" : "s1-t26",
      "begin" : 314,
      "end" : 318,
      "text" : "2015",
      "whiteSpace" : false
    }, {
      "id" : "s1-t27",
      "begin" : 319,
      "end" : 322,
      "text" : "SSC",
      "whiteSpace" : false
    }, {
      "id" : "s1-t28",
      "begin" : 324,
      "end" : 328,
      "text" : "8.7/",
      "whiteSpace" : false
    }, {
      "id" : "s1-t29",
      "begin" : 328,
      "end" : 330,
      "text" : "10",
      "whiteSpace" : false
    }, {
      "id" : "s1-t30",
      "begin" : 331,
      "end" : 332,
      "text" : "",
      "whiteSpace" : false
    }, {
      "id" : "s1-t31",
      "begin" : 333,
      "end" : 339,
      "text" : "Skills",
      "whiteSpace" : false
    }, {
      "id" : "s1-t32",
      "begin" : 340,
      "end" : 353,
      "text" : "Communication",
      "whiteSpace" : false
    }, {
      "id" : "s1-t33",
      "begin" : 354,
      "end" : 355,
      "text" : ",",
      "whiteSpace" : false
    }, {
      "id" : "s1-t34",
      "begin" : 356,
      "end" : 362,
      "text" : "Active",
      "whiteSpace" : false
    }, {
      "id" : "s1-t35",
      "begin" : 363,
      "end" : 372,
      "text" : "listening",
      "whiteSpace" : false
    }, {
      "id" : "s1-t36",
      "begin" : 373,
      "end" : 374,
      "text" : ",",
      "whiteSpace" : false
    }, {
      "id" : "s1-t37",
      "begin" : 375,
      "end" : 379,
      "text" : "Team",
      "whiteSpace" : false
    }, {
      "id" : "s1-t38",
      "begin" : 380,
      "end" : 388,
      "text" : "building",
      "whiteSpace" : false
    }, {
      "id" : "s1-t39",
      "begin" : 389,
      "end" : 390,
      "text" : ",",
      "whiteSpace" : false
    }, {
      "id" : "s1-t40",
      "begin" : 391,
      "end" : 399,
      "text" : "Decision",
      "whiteSpace" : false
    }, {
      "id" : "s1-t41",
      "begin" : 400,
      "end" : 406,
      "text" : "making",
      "whiteSpace" : false
    }, {
      "id" : "s1-t42",
      "begin" : 407,
      "end" : 408,
      "text" : ",",
      "whiteSpace" : false
    }, {
      "id" : "s1-t43",
      "begin" : 409,
      "end" : 416,
      "text" : "Problem",
      "whiteSpace" : false
    }, {
      "id" : "s1-t44",
      "begin" : 417,
      "end" : 424,
      "text" : "solving",
      "whiteSpace" : false
    }, {
      "id" : "s1-t45",
      "begin" : 425,
      "end" : 426,
      "text" : ".",
      "whiteSpace" : false
    } ]
  }, {
    "id" : "s2",
    "begin" : 427,
    "end" : 461,
    "text" : "Ms office , Ms excel , Ms access .",
    "tokens" : [ {
      "id" : "s2-t0",
      "begin" : 427,
      "end" : 429,
      "text" : "Ms",
      "whiteSpace" : false
    }, {
      "id" : "s2-t1",
      "begin" : 430,
      "end" : 436,
      "text" : "office",
      "whiteSpace" : false
    }, {
      "id" : "s2-t2",
      "begin" : 437,
      "end" : 438,
      "text" : ",",
      "whiteSpace" : false
    }, {
      "id" : "s2-t3",
      "begin" : 439,
      "end" : 441,
      "text" : "Ms",
      "whiteSpace" : false
    }, {
      "id" : "s2-t4",
      "begin" : 442,
      "end" : 447,
      "text" : "excel",
      "whiteSpace" : false
    }, {
      "id" : "s2-t5",
      "begin" : 448,
      "end" : 449,
      "text" : ",",
      "whiteSpace" : false
    }, {
      "id" : "s2-t6",
      "begin" : 450,
      "end" : 452,
      "text" : "Ms",
      "whiteSpace" : false
    }, {
      "id" : "s2-t7",
      "begin" : 453,
      "end" : 459,
      "text" : "access",
      "whiteSpace" : false
    }, {
      "id" : "s2-t8",
      "begin" : 460,
      "end" : 461,
      "text" : ".",
      "whiteSpace" : false
    } ]
  }, {
    "id" : "s3",
    "begin" : 462,
    "end" : 557,
    "text" : "Programming languages : C programming , C++ , Python , Java , R programming , Data structures .",
    "tokens" : [ {
      "id" : "s3-t0",
      "begin" : 462,
      "end" : 473,
      "text" : "Programming",
      "whiteSpace" : false
    }, {
      "id" : "s3-t1",
      "begin" : 474,
      "end" : 483,
      "text" : "languages",
      "whiteSpace" : false
    }, {
      "id" : "s3-t2",
      "begin" : 484,
      "end" : 485,
      "text" : ":",
      "whiteSpace" : false
    }, {
      "id" : "s3-t3",
      "begin" : 486,
      "end" : 487,
      "text" : "C",
      "whiteSpace" : false
    }, {
      "id" : "s3-t4",
      "begin" : 488,
      "end" : 499,
      "text" : "programming",
      "whiteSpace" : false
    }, {
      "id" : "s3-t5",
      "begin" : 500,
      "end" : 501,
      "text" : ",",
      "whiteSpace" : false
    }, {
      "id" : "s3-t6",
      "begin" : 502,
      "end" : 505,
      "text" : "C++",
      "whiteSpace" : false
    }, {
      "id" : "s3-t7",
      "begin" : 506,
      "end" : 507,
      "text" : ",",
      "whiteSpace" : false
    }, {
      "id" : "s3-t8",
      "begin" : 508,
      "end" : 514,
      "text" : "Python",
      "whiteSpace" : false
    }, {
      "id" : "s3-t9",
      "begin" : 515,
      "end" : 516,
      "text" : ",",
      "whiteSpace" : false
    }, {
      "id" : "s3-t10",
      "begin" : 517,
      "end" : 521,
      "text" : "Java",
      "whiteSpace" : false
    }, {
      "id" : "s3-t11",
      "begin" : 522,
      "end" : 523,
      "text" : ",",
      "whiteSpace" : false
    }, {
      "id" : "s3-t12",
      "begin" : 524,
      "end" : 525,
      "text" : "R",
      "whiteSpace" : false
    }, {
      "id" : "s3-t13",
      "begin" : 526,
      "end" : 537,
      "text" : "programming",
      "whiteSpace" : false
    }, {
      "id" : "s3-t14",
      "begin" : 538,
      "end" : 539,
      "text" : ",",
      "whiteSpace" : false
    }, {
      "id" : "s3-t15",
      "begin" : 540,
      "end" : 544,
      "text" : "Data",
      "whiteSpace" : false
    }, {
      "id" : "s3-t16",
      "begin" : 545,
      "end" : 555,
      "text" : "structures",
      "whiteSpace" : false
    }, {
      "id" : "s3-t17",
      "begin" : 556,
      "end" : 557,
      "text" : ".",
      "whiteSpace" : false
    } ]
  }, {
    "id" : "s4",
    "begin" : 558,
    "end" : 613,
    "text" : "Web development : HTML , CSS , PHP , Xml , javascript .",
    "tokens" : [ {
      "id" : "s4-t0",
      "begin" : 558,
      "end" : 561,
      "text" : "Web",
      "whiteSpace" : false
    }, {
      "id" : "s4-t1",
      "begin" : 562,
      "end" : 573,
      "text" : "development",
      "whiteSpace" : false
    }, {
      "id" : "s4-t2",
      "begin" : 574,
      "end" : 575,
      "text" : ":",
      "whiteSpace" : false
    }, {
      "id" : "s4-t3",
      "begin" : 576,
      "end" : 580,
      "text" : "HTML",
      "whiteSpace" : false
    }, {
      "id" : "s4-t4",
      "begin" : 581,
      "end" : 582,
      "text" : ",",
      "whiteSpace" : false
    }, {
      "id" : "s4-t5",
      "begin" : 583,
      "end" : 586,
      "text" : "CSS",
      "whiteSpace" : false
    }, {
      "id" : "s4-t6",
      "begin" : 587,
      "end" : 588,
      "text" : ",",
      "whiteSpace" : false
    }, {
      "id" : "s4-t7",
      "begin" : 589,
      "end" : 592,
      "text" : "PHP",
      "whiteSpace" : false
    }, {
      "id" : "s4-t8",
      "begin" : 593,
      "end" : 594,
      "text" : ",",
      "whiteSpace" : false
    }, {
      "id" : "s4-t9",
      "begin" : 595,
      "end" : 598,
      "text" : "Xml",
      "whiteSpace" : false
    }, {
      "id" : "s4-t10",
      "begin" : 599,
      "end" : 600,
      "text" : ",",
      "whiteSpace" : false
    }, {
      "id" : "s4-t11",
      "begin" : 601,
      "end" : 611,
      "text" : "javascript",
      "whiteSpace" : false
    }, {
      "id" : "s4-t12",
      "begin" : 612,
      "end" : 613,
      "text" : ".",
      "whiteSpace" : false
    } ]
  }, {
    "id" : "s5",
    "begin" : 614,
    "end" : 728,
    "text" : "Machine learning , Artificial intelligence , Network security , Cyber security , Big data , Software\nEngineering .",
    "tokens" : [ {
      "id" : "s5-t0",
      "begin" : 614,
      "end" : 621,
      "text" : "Machine",
      "whiteSpace" : false
    }, {
      "id" : "s5-t1",
      "begin" : 622,
      "end" : 630,
      "text" : "learning",
      "whiteSpace" : false
    }, {
      "id" : "s5-t2",
      "begin" : 631,
      "end" : 632,
      "text" : ",",
      "whiteSpace" : false
    }, {
      "id" : "s5-t3",
      "begin" : 633,
      "end" : 643,
      "text" : "Artificial",
      "whiteSpace" : false
    }, {
      "id" : "s5-t4",
      "begin" : 644,
      "end" : 656,
      "text" : "intelligence",
      "whiteSpace" : false
    }, {
      "id" : "s5-t5",
      "begin" : 657,
      "end" : 658,
      "text" : ",",
      "whiteSpace" : false
    }, {
      "id" : "s5-t6",
      "begin" : 659,
      "end" : 666,
      "text" : "Network",
      "whiteSpace" : false
    }, {
      "id" : "s5-t7",
      "begin" : 667,
      "end" : 675,
      "text" : "security",
      "whiteSpace" : false
    }, {
      "id" : "s5-t8",
      "begin" : 676,
      "end" : 677,
      "text" : ",",
      "whiteSpace" : false
    }, {
      "id" : "s5-t9",
      "begin" : 678,
      "end" : 683,
      "text" : "Cyber",
      "whiteSpace" : false
    }, {
      "id" : "s5-t10",
      "begin" : 684,
      "end" : 692,
      "text" : "security",
      "whiteSpace" : false
    }, {
      "id" : "s5-t11",
      "begin" : 693,
      "end" : 694,
      "text" : ",",
      "whiteSpace" : false
    }, {
      "id" : "s5-t12",
      "begin" : 695,
      "end" : 698,
      "text" : "Big",
      "whiteSpace" : false
    }, {
      "id" : "s5-t13",
      "begin" : 699,
      "end" : 703,
      "text" : "data",
      "whiteSpace" : false
    }, {
      "id" : "s5-t14",
      "begin" : 704,
      "end" : 705,
      "text" : ",",
      "whiteSpace" : false
    }, {
      "id" : "s5-t15",
      "begin" : 706,
      "end" : 714,
      "text" : "Software",
      "whiteSpace" : false
    }, {
      "id" : "s5-t16",
      "begin" : 715,
      "end" : 726,
      "text" : "Engineering",
      "whiteSpace" : false
    }, {
      "id" : "s5-t17",
      "begin" : 727,
      "end" : 728,
      "text" : ".",
      "whiteSpace" : false
    } ]
  }, {
    "id" : "s6",
    "begin" : 729,
    "end" : 934,
    "text" : " Projects\nFOOD DONATION App development\nDeveloped an android application about food donation in android studios with authentication with\nfirebase and datastorage in firestore\nEarlier Prediction of SEPSIS.",
    "tokens" : [ {
      "id" : "s6-t0",
      "begin" : 729,
      "end" : 730,
      "text" : "",
      "whiteSpace" : false
    }, {
      "id" : "s6-t1",
      "begin" : 731,
      "end" : 739,
      "text" : "Projects",
      "whiteSpace" : false
    }, {
      "id" : "s6-t2",
      "begin" : 740,
      "end" : 744,
      "text" : "FOOD",
      "whiteSpace" : false
    }, {
      "id" : "s6-t3",
      "begin" : 745,
      "end" : 753,
      "text" : "DONATION",
      "whiteSpace" : false
    }, {
      "id" : "s6-t4",
      "begin" : 754,
      "end" : 757,
      "text" : "App",
      "whiteSpace" : false
    }, {
      "id" : "s6-t5",
      "begin" : 758,
      "end" : 769,
      "text" : "development",
      "whiteSpace" : false
    }, {
      "id" : "s6-t6",
      "begin" : 770,
      "end" : 779,
      "text" : "Developed",
      "whiteSpace" : false
    }, {
      "id" : "s6-t7",
      "begin" : 780,
      "end" : 782,
      "text" : "an",
      "whiteSpace" : false
    }, {
      "id" : "s6-t8",
      "begin" : 783,
      "end" : 790,
      "text" : "android",
      "whiteSpace" : false
    }, {
      "id" : "s6-t9",
      "begin" : 791,
      "end" : 802,
      "text" : "application",
      "whiteSpace" : false
    }, {
      "id" : "s6-t10",
      "begin" : 803,
      "end" : 808,
      "text" : "about",
      "whiteSpace" : false
    }, {
      "id" : "s6-t11",
      "begin" : 809,
      "end" : 813,
      "text" : "food",
      "whiteSpace" : false
    }, {
      "id" : "s6-t12",
      "begin" : 814,
      "end" : 822,
      "text" : "donation",
      "whiteSpace" : false
    }, {
      "id" : "s6-t13",
      "begin" : 823,
      "end" : 825,
      "text" : "in",
      "whiteSpace" : false
    }, {
      "id" : "s6-t14",
      "begin" : 826,
      "end" : 833,
      "text" : "android",
      "whiteSpace" : false
    }, {
      "id" : "s6-t15",
      "begin" : 834,
      "end" : 841,
      "text" : "studios",
      "whiteSpace" : false
    }, {
      "id" : "s6-t16",
      "begin" : 842,
      "end" : 846,
      "text" : "with",
      "whiteSpace" : false
    }, {
      "id" : "s6-t17",
      "begin" : 847,
      "end" : 861,
      "text" : "authentication",
      "whiteSpace" : false
    }, {
      "id" : "s6-t18",
      "begin" : 862,
      "end" : 866,
      "text" : "with",
      "whiteSpace" : false
    }, {
      "id" : "s6-t19",
      "begin" : 867,
      "end" : 875,
      "text" : "firebase",
      "whiteSpace" : false
    }, {
      "id" : "s6-t20",
      "begin" : 876,
      "end" : 879,
      "text" : "and",
      "whiteSpace" : false
    }, {
      "id" : "s6-t21",
      "begin" : 880,
      "end" : 891,
      "text" : "datastorage",
      "whiteSpace" : false
    }, {
      "id" : "s6-t22",
      "begin" : 892,
      "end" : 894,
      "text" : "in",
      "whiteSpace" : false
    }, {
      "id" : "s6-t23",
      "begin" : 895,
      "end" : 904,
      "text" : "firestore",
      "whiteSpace" : false
    }, {
      "id" : "s6-t24",
      "begin" : 905,
      "end" : 912,
      "text" : "Earlier",
      "whiteSpace" : false
    }, {
      "id" : "s6-t25",
      "begin" : 913,
      "end" : 923,
      "text" : "Prediction",
      "whiteSpace" : false
    }, {
      "id" : "s6-t26",
      "begin" : 924,
      "end" : 926,
      "text" : "of",
      "whiteSpace" : false
    }, {
      "id" : "s6-t27",
      "begin" : 927,
      "end" : 933,
      "text" : "SEPSIS",
      "whiteSpace" : false
    }, {
      "id" : "s6-t28",
      "begin" : 933,
      "end" : 934,
      "text" : ".",
      "whiteSpace" : false
    } ]
  }, {
    "id" : "s7",
    "begin" : 935,
    "end" : 1052,
    "text" : "Dome project on earlier Prediction of Sepsis by analysing the condition of the patient by Machine\nLearning Algorithm.",
    "tokens" : [ {
      "id" : "s7-t0",
      "begin" : 935,
      "end" : 939,
      "text" : "Dome",
      "whiteSpace" : false
    }, {
      "id" : "s7-t1",
      "begin" : 940,
      "end" : 947,
      "text" : "project",
      "whiteSpace" : false
    }, {
      "id" : "s7-t2",
      "begin" : 948,
      "end" : 950,
      "text" : "on",
      "whiteSpace" : false
    }, {
      "id" : "s7-t3",
      "begin" : 951,
      "end" : 958,
      "text" : "earlier",
      "whiteSpace" : false
    }, {
      "id" : "s7-t4",
      "begin" : 959,
      "end" : 969,
      "text" : "Prediction",
      "whiteSpace" : false
    }, {
      "id" : "s7-t5",
      "begin" : 970,
      "end" : 972,
      "text" : "of",
      "whiteSpace" : false
    }, {
      "id" : "s7-t6",
      "begin" : 973,
      "end" : 979,
      "text" : "Sepsis",
      "whiteSpace" : false
    }, {
      "id" : "s7-t7",
      "begin" : 980,
      "end" : 982,
      "text" : "by",
      "whiteSpace" : false
    }, {
      "id" : "s7-t8",
      "begin" : 983,
      "end" : 992,
      "text" : "analysing",
      "whiteSpace" : false
    }, {
      "id" : "s7-t9",
      "begin" : 993,
      "end" : 996,
      "text" : "the",
      "whiteSpace" : false
    }, {
      "id" : "s7-t10",
      "begin" : 997,
      "end" : 1006,
      "text" : "condition",
      "whiteSpace" : false
    }, {
      "id" : "s7-t11",
      "begin" : 1007,
      "end" : 1009,
      "text" : "of",
      "whiteSpace" : false
    }, {
      "id" : "s7-t12",
      "begin" : 1010,
      "end" : 1013,
      "text" : "the",
      "whiteSpace" : false
    }, {
      "id" : "s7-t13",
      "begin" : 1014,
      "end" : 1021,
      "text" : "patient",
      "whiteSpace" : false
    }, {
      "id" : "s7-t14",
      "begin" : 1022,
      "end" : 1024,
      "text" : "by",
      "whiteSpace" : false
    }, {
      "id" : "s7-t15",
      "begin" : 1025,
      "end" : 1032,
      "text" : "Machine",
      "whiteSpace" : false
    }, {
      "id" : "s7-t16",
      "begin" : 1033,
      "end" : 1041,
      "text" : "Learning",
      "whiteSpace" : false
    }, {
      "id" : "s7-t17",
      "begin" : 1042,
      "end" : 1051,
      "text" : "Algorithm",
      "whiteSpace" : false
    }, {
      "id" : "s7-t18",
      "begin" : 1051,
      "end" : 1052,
      "text" : ".",
      "whiteSpace" : false
    } ]
  }, {
    "id" : "s8",
    "begin" : 1053,
    "end" : 1272,
    "text" : "The Alarm Management and Analysis\nPrediction of Leakage of Gas from Gas pipelines by analysing the parameters and pressure in the\nGas pipelies through the Alarm Management and Analytics using Machine Learning Algorithm.",
    "tokens" : [ {
      "id" : "s8-t0",
      "begin" : 1053,
      "end" : 1056,
      "text" : "The",
      "whiteSpace" : false
    }, {
      "id" : "s8-t1",
      "begin" : 1057,
      "end" : 1062,
      "text" : "Alarm",
      "whiteSpace" : false
    }, {
      "id" : "s8-t2",
      "begin" : 1063,
      "end" : 1073,
      "text" : "Management",
      "whiteSpace" : false
    }, {
      "id" : "s8-t3",
      "begin" : 1074,
      "end" : 1077,
      "text" : "and",
      "whiteSpace" : false
    }, {
      "id" : "s8-t4",
      "begin" : 1078,
      "end" : 1086,
      "text" : "Analysis",
      "whiteSpace" : false
    }, {
      "id" : "s8-t5",
      "begin" : 1087,
      "end" : 1097,
      "text" : "Prediction",
      "whiteSpace" : false
    }, {
      "id" : "s8-t6",
      "begin" : 1098,
      "end" : 1100,
      "text" : "of",
      "whiteSpace" : false
    }, {
      "id" : "s8-t7",
      "begin" : 1101,
      "end" : 1108,
      "text" : "Leakage",
      "whiteSpace" : false
    }, {
      "id" : "s8-t8",
      "begin" : 1109,
      "end" : 1111,
      "text" : "of",
      "whiteSpace" : false
    }, {
      "id" : "s8-t9",
      "begin" : 1112,
      "end" : 1115,
      "text" : "Gas",
      "whiteSpace" : false
    }, {
      "id" : "s8-t10",
      "begin" : 1116,
      "end" : 1120,
      "text" : "from",
      "whiteSpace" : false
    }, {
      "id" : "s8-t11",
      "begin" : 1121,
      "end" : 1124,
      "text" : "Gas",
      "whiteSpace" : false
    }, {
      "id" : "s8-t12",
      "begin" : 1125,
      "end" : 1134,
      "text" : "pipelines",
      "whiteSpace" : false
    }, {
      "id" : "s8-t13",
      "begin" : 1135,
      "end" : 1137,
      "text" : "by",
      "whiteSpace" : false
    }, {
      "id" : "s8-t14",
      "begin" : 1138,
      "end" : 1147,
      "text" : "analysing",
      "whiteSpace" : false
    }, {
      "id" : "s8-t15",
      "begin" : 1148,
      "end" : 1151,
      "text" : "the",
      "whiteSpace" : false
    }, {
      "id" : "s8-t16",
      "begin" : 1152,
      "end" : 1162,
      "text" : "parameters",
      "whiteSpace" : false
    }, {
      "id" : "s8-t17",
      "begin" : 1163,
      "end" : 1166,
      "text" : "and",
      "whiteSpace" : false
    }, {
      "id" : "s8-t18",
      "begin" : 1167,
      "end" : 1175,
      "text" : "pressure",
      "whiteSpace" : false
    }, {
      "id" : "s8-t19",
      "begin" : 1176,
      "end" : 1178,
      "text" : "in",
      "whiteSpace" : false
    }, {
      "id" : "s8-t20",
      "begin" : 1179,
      "end" : 1182,
      "text" : "the",
      "whiteSpace" : false
    }, {
      "id" : "s8-t21",
      "begin" : 1183,
      "end" : 1186,
      "text" : "Gas",
      "whiteSpace" : false
    }, {
      "id" : "s8-t22",
      "begin" : 1187,
      "end" : 1195,
      "text" : "pipelies",
      "whiteSpace" : false
    }, {
      "id" : "s8-t23",
      "begin" : 1196,
      "end" : 1203,
      "text" : "through",
      "whiteSpace" : false
    }, {
      "id" : "s8-t24",
      "begin" : 1204,
      "end" : 1207,
      "text" : "the",
      "whiteSpace" : false
    }, {
      "id" : "s8-t25",
      "begin" : 1208,
      "end" : 1213,
      "text" : "Alarm",
      "whiteSpace" : false
    }, {
      "id" : "s8-t26",
      "begin" : 1214,
      "end" : 1224,
      "text" : "Management",
      "whiteSpace" : false
    }, {
      "id" : "s8-t27",
      "begin" : 1225,
      "end" : 1228,
      "text" : "and",
      "whiteSpace" : false
    }, {
      "id" : "s8-t28",
      "begin" : 1229,
      "end" : 1238,
      "text" : "Analytics",
      "whiteSpace" : false
    }, {
      "id" : "s8-t29",
      "begin" : 1239,
      "end" : 1244,
      "text" : "using",
      "whiteSpace" : false
    }, {
      "id" : "s8-t30",
      "begin" : 1245,
      "end" : 1252,
      "text" : "Machine",
      "whiteSpace" : false
    }, {
      "id" : "s8-t31",
      "begin" : 1253,
      "end" : 1261,
      "text" : "Learning",
      "whiteSpace" : false
    }, {
      "id" : "s8-t32",
      "begin" : 1262,
      "end" : 1271,
      "text" : "Algorithm",
      "whiteSpace" : false
    }, {
      "id" : "s8-t33",
      "begin" : 1271,
      "end" : 1272,
      "text" : ".",
      "whiteSpace" : false
    } ]
  }, {
    "id" : "s9",
    "begin" : 1273,
    "end" : 1581,
    "text" : " Achievements & Awards\nDone Nptel certifications: Elite certification in - Problem solving through programming in c , Elite\ncertification in - The joy of computing using python , Elite certification in - Data science for\nengineers , Elite certification in - Innovation business models and entrepreneurship .",
    "tokens" : [ {
      "id" : "s9-t0",
      "begin" : 1273,
      "end" : 1274,
      "text" : "",
      "whiteSpace" : false
    }, {
      "id" : "s9-t1",
      "begin" : 1275,
      "end" : 1287,
      "text" : "Achievements",
      "whiteSpace" : false
    }, {
      "id" : "s9-t2",
      "begin" : 1288,
      "end" : 1289,
      "text" : "&",
      "whiteSpace" : false
    }, {
      "id" : "s9-t3",
      "begin" : 1290,
      "end" : 1296,
      "text" : "Awards",
      "whiteSpace" : false
    }, {
      "id" : "s9-t4",
      "begin" : 1297,
      "end" : 1301,
      "text" : "Done",
      "whiteSpace" : false
    }, {
      "id" : "s9-t5",
      "begin" : 1302,
      "end" : 1307,
      "text" : "Nptel",
      "whiteSpace" : false
    }, {
      "id" : "s9-t6",
      "begin" : 1308,
      "end" : 1322,
      "text" : "certifications",
      "whiteSpace" : false
    }, {
      "id" : "s9-t7",
      "begin" : 1322,
      "end" : 1323,
      "text" : ":",
      "whiteSpace" : false
    }, {
      "id" : "s9-t8",
      "begin" : 1324,
      "end" : 1329,
      "text" : "Elite",
      "whiteSpace" : false
    }, {
      "id" : "s9-t9",
      "begin" : 1330,
      "end" : 1343,
      "text" : "certification",
      "whiteSpace" : false
    }, {
      "id" : "s9-t10",
      "begin" : 1344,
      "end" : 1346,
      "text" : "in",
      "whiteSpace" : false
    }, {
      "id" : "s9-t11",
      "begin" : 1347,
      "end" : 1348,
      "text" : "-",
      "whiteSpace" : false
    }, {
      "id" : "s9-t12",
      "begin" : 1349,
      "end" : 1356,
      "text" : "Problem",
      "whiteSpace" : false
    }, {
      "id" : "s9-t13",
      "begin" : 1357,
      "end" : 1364,
      "text" : "solving",
      "whiteSpace" : false
    }, {
      "id" : "s9-t14",
      "begin" : 1365,
      "end" : 1372,
      "text" : "through",
      "whiteSpace" : false
    }, {
      "id" : "s9-t15",
      "begin" : 1373,
      "end" : 1384,
      "text" : "programming",
      "whiteSpace" : false
    }, {
      "id" : "s9-t16",
      "begin" : 1385,
      "end" : 1387,
      "text" : "in",
      "whiteSpace" : false
    }, {
      "id" : "s9-t17",
      "begin" : 1388,
      "end" : 1389,
      "text" : "c",
      "whiteSpace" : false
    }, {
      "id" : "s9-t18",
      "begin" : 1390,
      "end" : 1391,
      "text" : ",",
      "whiteSpace" : false
    }, {
      "id" : "s9-t19",
      "begin" : 1392,
      "end" : 1397,
      "text" : "Elite",
      "whiteSpace" : false
    }, {
      "id" : "s9-t20",
      "begin" : 1398,
      "end" : 1411,
      "text" : "certification",
      "whiteSpace" : false
    }, {
      "id" : "s9-t21",
      "begin" : 1412,
      "end" : 1414,
      "text" : "in",
      "whiteSpace" : false
    }, {
      "id" : "s9-t22",
      "begin" : 1415,
      "end" : 1416,
      "text" : "-",
      "whiteSpace" : false
    }, {
      "id" : "s9-t23",
      "begin" : 1417,
      "end" : 1420,
      "text" : "The",
      "whiteSpace" : false
    }, {
      "id" : "s9-t24",
      "begin" : 1421,
      "end" : 1424,
      "text" : "joy",
      "whiteSpace" : false
    }, {
      "id" : "s9-t25",
      "begin" : 1425,
      "end" : 1427,
      "text" : "of",
      "whiteSpace" : false
    }, {
      "id" : "s9-t26",
      "begin" : 1428,
      "end" : 1437,
      "text" : "computing",
      "whiteSpace" : false
    }, {
      "id" : "s9-t27",
      "begin" : 1438,
      "end" : 1443,
      "text" : "using",
      "whiteSpace" : false
    }, {
      "id" : "s9-t28",
      "begin" : 1444,
      "end" : 1450,
      "text" : "python",
      "whiteSpace" : false
    }, {
      "id" : "s9-t29",
      "begin" : 1451,
      "end" : 1452,
      "text" : ",",
      "whiteSpace" : false
    }, {
      "id" : "s9-t30",
      "begin" : 1453,
      "end" : 1458,
      "text" : "Elite",
      "whiteSpace" : false
    }, {
      "id" : "s9-t31",
      "begin" : 1459,
      "end" : 1472,
      "text" : "certification",
      "whiteSpace" : false
    }, {
      "id" : "s9-t32",
      "begin" : 1473,
      "end" : 1475,
      "text" : "in",
      "whiteSpace" : false
    }, {
      "id" : "s9-t33",
      "begin" : 1476,
      "end" : 1477,
      "text" : "-",
      "whiteSpace" : false
    }, {
      "id" : "s9-t34",
      "begin" : 1478,
      "end" : 1482,
      "text" : "Data",
      "whiteSpace" : false
    }, {
      "id" : "s9-t35",
      "begin" : 1483,
      "end" : 1490,
      "text" : "science",
      "whiteSpace" : false
    }, {
      "id" : "s9-t36",
      "begin" : 1491,
      "end" : 1494,
      "text" : "for",
      "whiteSpace" : false
    }, {
      "id" : "s9-t37",
      "begin" : 1495,
      "end" : 1504,
      "text" : "engineers",
      "whiteSpace" : false
    }, {
      "id" : "s9-t38",
      "begin" : 1505,
      "end" : 1506,
      "text" : ",",
      "whiteSpace" : false
    }, {
      "id" : "s9-t39",
      "begin" : 1507,
      "end" : 1512,
      "text" : "Elite",
      "whiteSpace" : false
    }, {
      "id" : "s9-t40",
      "begin" : 1513,
      "end" : 1526,
      "text" : "certification",
      "whiteSpace" : false
    }, {
      "id" : "s9-t41",
      "begin" : 1527,
      "end" : 1529,
      "text" : "in",
      "whiteSpace" : false
    }, {
      "id" : "s9-t42",
      "begin" : 1530,
      "end" : 1531,
      "text" : "-",
      "whiteSpace" : false
    }, {
      "id" : "s9-t43",
      "begin" : 1532,
      "end" : 1542,
      "text" : "Innovation",
      "whiteSpace" : false
    }, {
      "id" : "s9-t44",
      "begin" : 1543,
      "end" : 1551,
      "text" : "business",
      "whiteSpace" : false
    }, {
      "id" : "s9-t45",
      "begin" : 1552,
      "end" : 1558,
      "text" : "models",
      "whiteSpace" : false
    }, {
      "id" : "s9-t46",
      "begin" : 1559,
      "end" : 1562,
      "text" : "and",
      "whiteSpace" : false
    }, {
      "id" : "s9-t47",
      "begin" : 1563,
      "end" : 1579,
      "text" : "entrepreneurship",
      "whiteSpace" : false
    }, {
      "id" : "s9-t48",
      "begin" : 1580,
      "end" : 1581,
      "text" : ".",
      "whiteSpace" : false
    } ]
  }, {
    "id" : "s10",
    "begin" : 1582,
    "end" : 1843,
    "text" : "ABDUL ZAHEER\nGot 1st prize in ppt presentation about plastic wastage in college level events , Got 2nd prize in\nquiz conducted by CSI college student chapter events , Got 4th prize in pair programming in TECH\nBLOOM events conducted by CSI student chapter VRSEC.",
    "tokens" : [ {
      "id" : "s10-t0",
      "begin" : 1582,
      "end" : 1587,
      "text" : "ABDUL",
      "whiteSpace" : false
    }, {
      "id" : "s10-t1",
      "begin" : 1588,
      "end" : 1594,
      "text" : "ZAHEER",
      "whiteSpace" : false
    }, {
      "id" : "s10-t2",
      "begin" : 1595,
      "end" : 1598,
      "text" : "Got",
      "whiteSpace" : false
    }, {
      "id" : "s10-t3",
      "begin" : 1599,
      "end" : 1602,
      "text" : "1st",
      "whiteSpace" : false
    }, {
      "id" : "s10-t4",
      "begin" : 1603,
      "end" : 1608,
      "text" : "prize",
      "whiteSpace" : false
    }, {
      "id" : "s10-t5",
      "begin" : 1609,
      "end" : 1611,
      "text" : "in",
      "whiteSpace" : false
    }, {
      "id" : "s10-t6",
      "begin" : 1612,
      "end" : 1615,
      "text" : "ppt",
      "whiteSpace" : false
    }, {
      "id" : "s10-t7",
      "begin" : 1616,
      "end" : 1628,
      "text" : "presentation",
      "whiteSpace" : false
    }, {
      "id" : "s10-t8",
      "begin" : 1629,
      "end" : 1634,
      "text" : "about",
      "whiteSpace" : false
    }, {
      "id" : "s10-t9",
      "begin" : 1635,
      "end" : 1642,
      "text" : "plastic",
      "whiteSpace" : false
    }, {
      "id" : "s10-t10",
      "begin" : 1643,
      "end" : 1650,
      "text" : "wastage",
      "whiteSpace" : false
    }, {
      "id" : "s10-t11",
      "begin" : 1651,
      "end" : 1653,
      "text" : "in",
      "whiteSpace" : false
    }, {
      "id" : "s10-t12",
      "begin" : 1654,
      "end" : 1661,
      "text" : "college",
      "whiteSpace" : false
    }, {
      "id" : "s10-t13",
      "begin" : 1662,
      "end" : 1667,
      "text" : "level",
      "whiteSpace" : false
    }, {
      "id" : "s10-t14",
      "begin" : 1668,
      "end" : 1674,
      "text" : "events",
      "whiteSpace" : false
    }, {
      "id" : "s10-t15",
      "begin" : 1675,
      "end" : 1676,
      "text" : ",",
      "whiteSpace" : false
    }, {
      "id" : "s10-t16",
      "begin" : 1677,
      "end" : 1680,
      "text" : "Got",
      "whiteSpace" : false
    }, {
      "id" : "s10-t17",
      "begin" : 1681,
      "end" : 1684,
      "text" : "2nd",
      "whiteSpace" : false
    }, {
      "id" : "s10-t18",
      "begin" : 1685,
      "end" : 1690,
      "text" : "prize",
      "whiteSpace" : false
    }, {
      "id" : "s10-t19",
      "begin" : 1691,
      "end" : 1693,
      "text" : "in",
      "whiteSpace" : false
    }, {
      "id" : "s10-t20",
      "begin" : 1694,
      "end" : 1698,
      "text" : "quiz",
      "whiteSpace" : false
    }, {
      "id" : "s10-t21",
      "begin" : 1699,
      "end" : 1708,
      "text" : "conducted",
      "whiteSpace" : false
    }, {
      "id" : "s10-t22",
      "begin" : 1709,
      "end" : 1711,
      "text" : "by",
      "whiteSpace" : false
    }, {
      "id" : "s10-t23",
      "begin" : 1712,
      "end" : 1715,
      "text" : "CSI",
      "whiteSpace" : false
    }, {
      "id" : "s10-t24",
      "begin" : 1716,
      "end" : 1723,
      "text" : "college",
      "whiteSpace" : false
    }, {
      "id" : "s10-t25",
      "begin" : 1724,
      "end" : 1731,
      "text" : "student",
      "whiteSpace" : false
    }, {
      "id" : "s10-t26",
      "begin" : 1732,
      "end" : 1739,
      "text" : "chapter",
      "whiteSpace" : false
    }, {
      "id" : "s10-t27",
      "begin" : 1740,
      "end" : 1746,
      "text" : "events",
      "whiteSpace" : false
    }, {
      "id" : "s10-t28",
      "begin" : 1747,
      "end" : 1748,
      "text" : ",",
      "whiteSpace" : false
    }, {
      "id" : "s10-t29",
      "begin" : 1749,
      "end" : 1752,
      "text" : "Got",
      "whiteSpace" : false
    }, {
      "id" : "s10-t30",
      "begin" : 1753,
      "end" : 1756,
      "text" : "4th",
      "whiteSpace" : false
    }, {
      "id" : "s10-t31",
      "begin" : 1757,
      "end" : 1762,
      "text" : "prize",
      "whiteSpace" : false
    }, {
      "id" : "s10-t32",
      "begin" : 1763,
      "end" : 1765,
      "text" : "in",
      "whiteSpace" : false
    }, {
      "id" : "s10-t33",
      "begin" : 1766,
      "end" : 1770,
      "text" : "pair",
      "whiteSpace" : false
    }, {
      "id" : "s10-t34",
      "begin" : 1771,
      "end" : 1782,
      "text" : "programming",
      "whiteSpace" : false
    }, {
      "id" : "s10-t35",
      "begin" : 1783,
      "end" : 1785,
      "text" : "in",
      "whiteSpace" : false
    }, {
      "id" : "s10-t36",
      "begin" : 1786,
      "end" : 1790,
      "text" : "TECH",
      "whiteSpace" : false
    }, {
      "id" : "s10-t37",
      "begin" : 1791,
      "end" : 1796,
      "text" : "BLOOM",
      "whiteSpace" : false
    }, {
      "id" : "s10-t38",
      "begin" : 1797,
      "end" : 1803,
      "text" : "events",
      "whiteSpace" : false
    }, {
      "id" : "s10-t39",
      "begin" : 1804,
      "end" : 1813,
      "text" : "conducted",
      "whiteSpace" : false
    }, {
      "id" : "s10-t40",
      "begin" : 1814,
      "end" : 1816,
      "text" : "by",
      "whiteSpace" : false
    }, {
      "id" : "s10-t41",
      "begin" : 1817,
      "end" : 1820,
      "text" : "CSI",
      "whiteSpace" : false
    }, {
      "id" : "s10-t42",
      "begin" : 1821,
      "end" : 1828,
      "text" : "student",
      "whiteSpace" : false
    }, {
      "id" : "s10-t43",
      "begin" : 1829,
      "end" : 1836,
      "text" : "chapter",
      "whiteSpace" : false
    }, {
      "id" : "s10-t44",
      "begin" : 1837,
      "end" : 1842,
      "text" : "VRSEC",
      "whiteSpace" : false
    }, {
      "id" : "s10-t45",
      "begin" : 1842,
      "end" : 1843,
      "text" : ".",
      "whiteSpace" : false
    } ]
  }, {
    "id" : "s11",
    "begin" : 1844,
    "end" : 2131,
    "text" : "Selected in state level competition in application development in ITSSB conducted by APSSDC ,\nSelected for national level team project of SIH conducted by MHRD for the project on Sepsis and\nDesign of Alarm management and Analytics for detection of leakage of Gas fron the Gas pipelines .",
    "tokens" : [ {
      "id" : "s11-t0",
      "begin" : 1844,
      "end" : 1852,
      "text" : "Selected",
      "whiteSpace" : false
    }, {
      "id" : "s11-t1",
      "begin" : 1853,
      "end" : 1855,
      "text" : "in",
      "whiteSpace" : false
    }, {
      "id" : "s11-t2",
      "begin" : 1856,
      "end" : 1861,
      "text" : "state",
      "whiteSpace" : false
    }, {
      "id" : "s11-t3",
      "begin" : 1862,
      "end" : 1867,
      "text" : "level",
      "whiteSpace" : false
    }, {
      "id" : "s11-t4",
      "begin" : 1868,
      "end" : 1879,
      "text" : "competition",
      "whiteSpace" : false
    }, {
      "id" : "s11-t5",
      "begin" : 1880,
      "end" : 1882,
      "text" : "in",
      "whiteSpace" : false
    }, {
      "id" : "s11-t6",
      "begin" : 1883,
      "end" : 1894,
      "text" : "application",
      "whiteSpace" : false
    }, {
      "id" : "s11-t7",
      "begin" : 1895,
      "end" : 1906,
      "text" : "development",
      "whiteSpace" : false
    }, {
      "id" : "s11-t8",
      "begin" : 1907,
      "end" : 1909,
      "text" : "in",
      "whiteSpace" : false
    }, {
      "id" : "s11-t9",
      "begin" : 1910,
      "end" : 1915,
      "text" : "ITSSB",
      "whiteSpace" : false
    }, {
      "id" : "s11-t10",
      "begin" : 1916,
      "end" : 1925,
      "text" : "conducted",
      "whiteSpace" : false
    }, {
      "id" : "s11-t11",
      "begin" : 1926,
      "end" : 1928,
      "text" : "by",
      "whiteSpace" : false
    }, {
      "id" : "s11-t12",
      "begin" : 1929,
      "end" : 1935,
      "text" : "APSSDC",
      "whiteSpace" : false
    }, {
      "id" : "s11-t13",
      "begin" : 1936,
      "end" : 1937,
      "text" : ",",
      "whiteSpace" : false
    }, {
      "id" : "s11-t14",
      "begin" : 1938,
      "end" : 1946,
      "text" : "Selected",
      "whiteSpace" : false
    }, {
      "id" : "s11-t15",
      "begin" : 1947,
      "end" : 1950,
      "text" : "for",
      "whiteSpace" : false
    }, {
      "id" : "s11-t16",
      "begin" : 1951,
      "end" : 1959,
      "text" : "national",
      "whiteSpace" : false
    }, {
      "id" : "s11-t17",
      "begin" : 1960,
      "end" : 1965,
      "text" : "level",
      "whiteSpace" : false
    }, {
      "id" : "s11-t18",
      "begin" : 1966,
      "end" : 1970,
      "text" : "team",
      "whiteSpace" : false
    }, {
      "id" : "s11-t19",
      "begin" : 1971,
      "end" : 1978,
      "text" : "project",
      "whiteSpace" : false
    }, {
      "id" : "s11-t20",
      "begin" : 1979,
      "end" : 1981,
      "text" : "of",
      "whiteSpace" : false
    }, {
      "id" : "s11-t21",
      "begin" : 1982,
      "end" : 1985,
      "text" : "SIH",
      "whiteSpace" : false
    }, {
      "id" : "s11-t22",
      "begin" : 1986,
      "end" : 1995,
      "text" : "conducted",
      "whiteSpace" : false
    }, {
      "id" : "s11-t23",
      "begin" : 1996,
      "end" : 1998,
      "text" : "by",
      "whiteSpace" : false
    }, {
      "id" : "s11-t24",
      "begin" : 1999,
      "end" : 2003,
      "text" : "MHRD",
      "whiteSpace" : false
    }, {
      "id" : "s11-t25",
      "begin" : 2004,
      "end" : 2007,
      "text" : "for",
      "whiteSpace" : false
    }, {
      "id" : "s11-t26",
      "begin" : 2008,
      "end" : 2011,
      "text" : "the",
      "whiteSpace" : false
    }, {
      "id" : "s11-t27",
      "begin" : 2012,
      "end" : 2019,
      "text" : "project",
      "whiteSpace" : false
    }, {
      "id" : "s11-t28",
      "begin" : 2020,
      "end" : 2022,
      "text" : "on",
      "whiteSpace" : false
    }, {
      "id" : "s11-t29",
      "begin" : 2023,
      "end" : 2029,
      "text" : "Sepsis",
      "whiteSpace" : false
    }, {
      "id" : "s11-t30",
      "begin" : 2030,
      "end" : 2033,
      "text" : "and",
      "whiteSpace" : false
    }, {
      "id" : "s11-t31",
      "begin" : 2034,
      "end" : 2040,
      "text" : "Design",
      "whiteSpace" : false
    }, {
      "id" : "s11-t32",
      "begin" : 2041,
      "end" : 2043,
      "text" : "of",
      "whiteSpace" : false
    }, {
      "id" : "s11-t33",
      "begin" : 2044,
      "end" : 2049,
      "text" : "Alarm",
      "whiteSpace" : false
    }, {
      "id" : "s11-t34",
      "begin" : 2050,
      "end" : 2060,
      "text" : "management",
      "whiteSpace" : false
    }, {
      "id" : "s11-t35",
      "begin" : 2061,
      "end" : 2064,
      "text" : "and",
      "whiteSpace" : false
    }, {
      "id" : "s11-t36",
      "begin" : 2065,
      "end" : 2074,
      "text" : "Analytics",
      "whiteSpace" : false
    }, {
      "id" : "s11-t37",
      "begin" : 2075,
      "end" : 2078,
      "text" : "for",
      "whiteSpace" : false
    }, {
      "id" : "s11-t38",
      "begin" : 2079,
      "end" : 2088,
      "text" : "detection",
      "whiteSpace" : false
    }, {
      "id" : "s11-t39",
      "begin" : 2089,
      "end" : 2091,
      "text" : "of",
      "whiteSpace" : false
    }, {
      "id" : "s11-t40",
      "begin" : 2092,
      "end" : 2099,
      "text" : "leakage",
      "whiteSpace" : false
    }, {
      "id" : "s11-t41",
      "begin" : 2100,
      "end" : 2102,
      "text" : "of",
      "whiteSpace" : false
    }, {
      "id" : "s11-t42",
      "begin" : 2103,
      "end" : 2106,
      "text" : "Gas",
      "whiteSpace" : false
    }, {
      "id" : "s11-t43",
      "begin" : 2107,
      "end" : 2111,
      "text" : "fron",
      "whiteSpace" : false
    }, {
      "id" : "s11-t44",
      "begin" : 2112,
      "end" : 2115,
      "text" : "the",
      "whiteSpace" : false
    }, {
      "id" : "s11-t45",
      "begin" : 2116,
      "end" : 2119,
      "text" : "Gas",
      "whiteSpace" : false
    }, {
      "id" : "s11-t46",
      "begin" : 2120,
      "end" : 2129,
      "text" : "pipelines",
      "whiteSpace" : false
    }, {
      "id" : "s11-t47",
      "begin" : 2130,
      "end" : 2131,
      "text" : ".",
      "whiteSpace" : false
    } ]
  }, {
    "id" : "s12",
    "begin" : 2132,
    "end" : 2438,
    "text" : "Certifications in coursera: Certified for the course AI for Everyone by DeepLearning.io , Certified by\nsuccessfully completing the course of How to write a resume (Project-centered course)by The\nState University of New York , Certified for the course Build a simple app in Android studios in Java\nby Rhyme.",
    "tokens" : [ {
      "id" : "s12-t0",
      "begin" : 2132,
      "end" : 2146,
      "text" : "Certifications",
      "whiteSpace" : false
    }, {
      "id" : "s12-t1",
      "begin" : 2147,
      "end" : 2149,
      "text" : "in",
      "whiteSpace" : false
    }, {
      "id" : "s12-t2",
      "begin" : 2150,
      "end" : 2158,
      "text" : "coursera",
      "whiteSpace" : false
    }, {
      "id" : "s12-t3",
      "begin" : 2158,
      "end" : 2159,
      "text" : ":",
      "whiteSpace" : false
    }, {
      "id" : "s12-t4",
      "begin" : 2160,
      "end" : 2169,
      "text" : "Certified",
      "whiteSpace" : false
    }, {
      "id" : "s12-t5",
      "begin" : 2170,
      "end" : 2173,
      "text" : "for",
      "whiteSpace" : false
    }, {
      "id" : "s12-t6",
      "begin" : 2174,
      "end" : 2177,
      "text" : "the",
      "whiteSpace" : false
    }, {
      "id" : "s12-t7",
      "begin" : 2178,
      "end" : 2184,
      "text" : "course",
      "whiteSpace" : false
    }, {
      "id" : "s12-t8",
      "begin" : 2185,
      "end" : 2187,
      "text" : "AI",
      "whiteSpace" : false
    }, {
      "id" : "s12-t9",
      "begin" : 2188,
      "end" : 2191,
      "text" : "for",
      "whiteSpace" : false
    }, {
      "id" : "s12-t10",
      "begin" : 2192,
      "end" : 2200,
      "text" : "Everyone",
      "whiteSpace" : false
    }, {
      "id" : "s12-t11",
      "begin" : 2201,
      "end" : 2203,
      "text" : "by",
      "whiteSpace" : false
    }, {
      "id" : "s12-t12",
      "begin" : 2204,
      "end" : 2219,
      "text" : "DeepLearning.io",
      "whiteSpace" : false
    }, {
      "id" : "s12-t13",
      "begin" : 2220,
      "end" : 2221,
      "text" : ",",
      "whiteSpace" : false
    }, {
      "id" : "s12-t14",
      "begin" : 2222,
      "end" : 2231,
      "text" : "Certified",
      "whiteSpace" : false
    }, {
      "id" : "s12-t15",
      "begin" : 2232,
      "end" : 2234,
      "text" : "by",
      "whiteSpace" : false
    }, {
      "id" : "s12-t16",
      "begin" : 2235,
      "end" : 2247,
      "text" : "successfully",
      "whiteSpace" : false
    }, {
      "id" : "s12-t17",
      "begin" : 2248,
      "end" : 2258,
      "text" : "completing",
      "whiteSpace" : false
    }, {
      "id" : "s12-t18",
      "begin" : 2259,
      "end" : 2262,
      "text" : "the",
      "whiteSpace" : false
    }, {
      "id" : "s12-t19",
      "begin" : 2263,
      "end" : 2269,
      "text" : "course",
      "whiteSpace" : false
    }, {
      "id" : "s12-t20",
      "begin" : 2270,
      "end" : 2272,
      "text" : "of",
      "whiteSpace" : false
    }, {
      "id" : "s12-t21",
      "begin" : 2273,
      "end" : 2276,
      "text" : "How",
      "whiteSpace" : false
    }, {
      "id" : "s12-t22",
      "begin" : 2277,
      "end" : 2279,
      "text" : "to",
      "whiteSpace" : false
    }, {
      "id" : "s12-t23",
      "begin" : 2280,
      "end" : 2285,
      "text" : "write",
      "whiteSpace" : false
    }, {
      "id" : "s12-t24",
      "begin" : 2286,
      "end" : 2287,
      "text" : "a",
      "whiteSpace" : false
    }, {
      "id" : "s12-t25",
      "begin" : 2288,
      "end" : 2294,
      "text" : "resume",
      "whiteSpace" : false
    }, {
      "id" : "s12-t26",
      "begin" : 2295,
      "end" : 2296,
      "text" : "(",
      "whiteSpace" : false
    }, {
      "id" : "s12-t27",
      "begin" : 2296,
      "end" : 2303,
      "text" : "Project",
      "whiteSpace" : false
    }, {
      "id" : "s12-t28",
      "begin" : 2303,
      "end" : 2304,
      "text" : "-",
      "whiteSpace" : false
    }, {
      "id" : "s12-t29",
      "begin" : 2304,
      "end" : 2312,
      "text" : "centered",
      "whiteSpace" : false
    }, {
      "id" : "s12-t30",
      "begin" : 2313,
      "end" : 2319,
      "text" : "course",
      "whiteSpace" : false
    }, {
      "id" : "s12-t31",
      "begin" : 2319,
      "end" : 2320,
      "text" : ")",
      "whiteSpace" : false
    }, {
      "id" : "s12-t32",
      "begin" : 2320,
      "end" : 2322,
      "text" : "by",
      "whiteSpace" : false
    }, {
      "id" : "s12-t33",
      "begin" : 2323,
      "end" : 2326,
      "text" : "The",
      "whiteSpace" : false
    }, {
      "id" : "s12-t34",
      "begin" : 2327,
      "end" : 2332,
      "text" : "State",
      "whiteSpace" : false
    }, {
      "id" : "s12-t35",
      "begin" : 2333,
      "end" : 2343,
      "text" : "University",
      "whiteSpace" : false
    }, {
      "id" : "s12-t36",
      "begin" : 2344,
      "end" : 2346,
      "text" : "of",
      "whiteSpace" : false
    }, {
      "id" : "s12-t37",
      "begin" : 2347,
      "end" : 2350,
      "text" : "New",
      "whiteSpace" : false
    }, {
      "id" : "s12-t38",
      "begin" : 2351,
      "end" : 2355,
      "text" : "York",
      "whiteSpace" : false
    }, {
      "id" : "s12-t39",
      "begin" : 2356,
      "end" : 2357,
      "text" : ",",
      "whiteSpace" : false
    }, {
      "id" : "s12-t40",
      "begin" : 2358,
      "end" : 2367,
      "text" : "Certified",
      "whiteSpace" : false
    }, {
      "id" : "s12-t41",
      "begin" : 2368,
      "end" : 2371,
      "text" : "for",
      "whiteSpace" : false
    }, {
      "id" : "s12-t42",
      "begin" : 2372,
      "end" : 2375,
      "text" : "the",
      "whiteSpace" : false
    }, {
      "id" : "s12-t43",
      "begin" : 2376,
      "end" : 2382,
      "text" : "course",
      "whiteSpace" : false
    }, {
      "id" : "s12-t44",
      "begin" : 2383,
      "end" : 2388,
      "text" : "Build",
      "whiteSpace" : false
    }, {
      "id" : "s12-t45",
      "begin" : 2389,
      "end" : 2390,
      "text" : "a",
      "whiteSpace" : false
    }, {
      "id" : "s12-t46",
      "begin" : 2391,
      "end" : 2397,
      "text" : "simple",
      "whiteSpace" : false
    }, {
      "id" : "s12-t47",
      "begin" : 2398,
      "end" : 2401,
      "text" : "app",
      "whiteSpace" : false
    }, {
      "id" : "s12-t48",
      "begin" : 2402,
      "end" : 2404,
      "text" : "in",
      "whiteSpace" : false
    }, {
      "id" : "s12-t49",
      "begin" : 2405,
      "end" : 2412,
      "text" : "Android",
      "whiteSpace" : false
    }, {
      "id" : "s12-t50",
      "begin" : 2413,
      "end" : 2420,
      "text" : "studios",
      "whiteSpace" : false
    }, {
      "id" : "s12-t51",
      "begin" : 2421,
      "end" : 2423,
      "text" : "in",
      "whiteSpace" : false
    }, {
      "id" : "s12-t52",
      "begin" : 2424,
      "end" : 2428,
      "text" : "Java",
      "whiteSpace" : false
    }, {
      "id" : "s12-t53",
      "begin" : 2429,
      "end" : 2431,
      "text" : "by",
      "whiteSpace" : false
    }, {
      "id" : "s12-t54",
      "begin" : 2432,
      "end" : 2437,
      "text" : "Rhyme",
      "whiteSpace" : false
    }, {
      "id" : "s12-t55",
      "begin" : 2437,
      "end" : 2438,
      "text" : ".",
      "whiteSpace" : false
    } ]
  }, {
    "id" : "s13",
    "begin" : 2439,
    "end" : 2511,
    "text" : " Language\nCan Read ,Write ,Speak and Understand - English,Hindi,Telugu.",
    "tokens" : [ {
      "id" : "s13-t0",
      "begin" : 2439,
      "end" : 2440,
      "text" : "",
      "whiteSpace" : false
    }, {
      "id" : "s13-t1",
      "begin" : 2441,
      "end" : 2449,
      "text" : "Language",
      "whiteSpace" : false
    }, {
      "id" : "s13-t2",
      "begin" : 2450,
      "end" : 2453,
      "text" : "Can",
      "whiteSpace" : false
    }, {
      "id" : "s13-t3",
      "begin" : 2454,
      "end" : 2458,
      "text" : "Read",
      "whiteSpace" : false
    }, {
      "id" : "s13-t4",
      "begin" : 2459,
      "end" : 2460,
      "text" : ",",
      "whiteSpace" : false
    }, {
      "id" : "s13-t5",
      "begin" : 2460,
      "end" : 2465,
      "text" : "Write",
      "whiteSpace" : false
    }, {
      "id" : "s13-t6",
      "begin" : 2466,
      "end" : 2467,
      "text" : ",",
      "whiteSpace" : false
    }, {
      "id" : "s13-t7",
      "begin" : 2467,
      "end" : 2472,
      "text" : "Speak",
      "whiteSpace" : false
    }, {
      "id" : "s13-t8",
      "begin" : 2473,
      "end" : 2476,
      "text" : "and",
      "whiteSpace" : false
    }, {
      "id" : "s13-t9",
      "begin" : 2477,
      "end" : 2487,
      "text" : "Understand",
      "whiteSpace" : false
    }, {
      "id" : "s13-t10",
      "begin" : 2488,
      "end" : 2489,
      "text" : "-",
      "whiteSpace" : false
    }, {
      "id" : "s13-t11",
      "begin" : 2490,
      "end" : 2497,
      "text" : "English",
      "whiteSpace" : false
    }, {
      "id" : "s13-t12",
      "begin" : 2497,
      "end" : 2498,
      "text" : ",",
      "whiteSpace" : false
    }, {
      "id" : "s13-t13",
      "begin" : 2498,
      "end" : 2503,
      "text" : "Hindi",
      "whiteSpace" : false
    }, {
      "id" : "s13-t14",
      "begin" : 2503,
      "end" : 2504,
      "text" : ",",
      "whiteSpace" : false
    }, {
      "id" : "s13-t15",
      "begin" : 2504,
      "end" : 2510,
      "text" : "Telugu",
      "whiteSpace" : false
    }, {
      "id" : "s13-t16",
      "begin" : 2510,
      "end" : 2511,
      "text" : ".",
      "whiteSpace" : false
    } ]
  } ],
  "mentions" : [ {
    "id" : "s0-m1",
    "properties" : {
      "SIRE_MENTION_ROLE" : "Name",
      "SIRE_ENTITY_SUBTYPE" : "NONE",
      "SIRE_MENTION_TYPE" : "NONE",
      "SIRE_MENTION_CLASS" : "SPC"
    },
    "type" : "Name",
    "begin" : 6,
    "end" : 18,
    "inCoref" : false
  }, {
    "id" : "s0-m2",
    "properties" : {
      "SIRE_MENTION_ROLE" : "Personal_Details",
      "SIRE_ENTITY_SUBTYPE" : "Email",
      "SIRE_MENTION_TYPE" : "NONE",
      "SIRE_MENTION_CLASS" : "SPC"
    },
    "type" : "Personal_Details",
    "begin" : 19,
    "end" : 42,
    "inCoref" : false
  }, {
    "id" : "s0-m3",
    "properties" : {
      "SIRE_MENTION_ROLE" : "Personal_Details",
      "SIRE_ENTITY_SUBTYPE" : "PhoneNumber",
      "SIRE_MENTION_TYPE" : "NONE",
      "SIRE_MENTION_CLASS" : "SPC"
    },
    "type" : "Personal_Details",
    "begin" : 43,
    "end" : 53,
    "inCoref" : false
  }, {
    "id" : "s0-m4",
    "properties" : {
      "SIRE_MENTION_ROLE" : "Personal_Details",
      "SIRE_ENTITY_SUBTYPE" : "Address",
      "SIRE_MENTION_TYPE" : "NONE",
      "SIRE_MENTION_CLASS" : "SPC"
    },
    "type" : "Personal_Details",
    "begin" : 54,
    "end" : 137,
    "inCoref" : false
  }, {
    "id" : "s1-m1",
    "properties" : {
      "SIRE_MENTION_ROLE" : "Education",
      "SIRE_ENTITY_SUBTYPE" : "Graduation_Institute_Name",
      "SIRE_MENTION_TYPE" : "NONE",
      "SIRE_MENTION_CLASS" : "SPC"
    },
    "type" : "Education",
    "begin" : 151,
    "end" : 203,
    "inCoref" : false
  }, {
    "id" : "s1-m2",
    "properties" : {
      "SIRE_MENTION_ROLE" : "Education",
      "SIRE_ENTITY_SUBTYPE" : "Year_of_passing_Graduation",
      "SIRE_MENTION_TYPE" : "NONE",
      "SIRE_MENTION_CLASS" : "SPC"
    },
    "type" : "Education",
    "begin" : 204,
    "end" : 208,
    "inCoref" : false
  }, {
    "id" : "s1-m3",
    "properties" : {
      "SIRE_MENTION_ROLE" : "Education",
      "SIRE_ENTITY_SUBTYPE" : "Field_of_study",
      "SIRE_MENTION_TYPE" : "NONE",
      "SIRE_MENTION_CLASS" : "SPC"
    },
    "type" : "Education",
    "begin" : 209,
    "end" : 215,
    "inCoref" : false
  }, {
    "id" : "s1-m4",
    "properties" : {
      "SIRE_MENTION_ROLE" : "Education",
      "SIRE_ENTITY_SUBTYPE" : "Grades_in_Graduation",
      "SIRE_MENTION_TYPE" : "NONE",
      "SIRE_MENTION_CLASS" : "SPC"
    },
    "type" : "Education",
    "begin" : 217,
    "end" : 224,
    "inCoref" : false
  }, {
    "id" : "s1-m5",
    "properties" : {
      "SIRE_MENTION_ROLE" : "Education",
      "SIRE_ENTITY_SUBTYPE" : "Name_of_Intermediate_Education_Institute",
      "SIRE_MENTION_TYPE" : "NONE",
      "SIRE_MENTION_CLASS" : "SPC"
    },
    "type" : "Education",
    "begin" : 225,
    "end" : 248,
    "inCoref" : false
  }, {
    "id" : "s1-m6",
    "properties" : {
      "SIRE_MENTION_ROLE" : "Education",
      "SIRE_ENTITY_SUBTYPE" : "Year_of_passing_Intermediate",
      "SIRE_MENTION_TYPE" : "NONE",
      "SIRE_MENTION_CLASS" : "SPC"
    },
    "type" : "Education",
    "begin" : 249,
    "end" : 253,
    "inCoref" : false
  }, {
    "id" : "s1-m7",
    "properties" : {
      "SIRE_MENTION_ROLE" : "Education",
      "SIRE_ENTITY_SUBTYPE" : "Grades_in_Intermediate",
      "SIRE_MENTION_TYPE" : "NONE",
      "SIRE_MENTION_CLASS" : "SPC"
    },
    "type" : "Education",
    "begin" : 268,
    "end" : 275,
    "inCoref" : false
  }, {
    "id" : "s1-m8",
    "properties" : {
      "SIRE_MENTION_ROLE" : "Education",
      "SIRE_ENTITY_SUBTYPE" : "Name_of_the_school",
      "SIRE_MENTION_TYPE" : "NONE",
      "SIRE_MENTION_CLASS" : "SPC"
    },
    "type" : "Education",
    "begin" : 276,
    "end" : 314,
    "inCoref" : false
  }, {
    "id" : "s1-m9",
    "properties" : {
      "SIRE_MENTION_ROLE" : "Education",
      "SIRE_ENTITY_SUBTYPE" : "Year_of_passing_school",
      "SIRE_MENTION_TYPE" : "NONE",
      "SIRE_MENTION_CLASS" : "SPC"
    },
    "type" : "Education",
    "begin" : 314,
    "end" : 318,
    "inCoref" : false
  }, {
    "id" : "s1-m10",
    "properties" : {
      "SIRE_MENTION_ROLE" : "Education",
      "SIRE_ENTITY_SUBTYPE" : "Grades_in_School",
      "SIRE_MENTION_TYPE" : "NONE",
      "SIRE_MENTION_CLASS" : "SPC"
    },
    "type" : "Education",
    "begin" : 324,
    "end" : 330,
    "inCoref" : false
  }, {
    "id" : "s1-m11",
    "properties" : {
      "SIRE_MENTION_ROLE" : "skills",
      "SIRE_ENTITY_SUBTYPE" : "NONE",
      "SIRE_MENTION_TYPE" : "NONE",
      "SIRE_MENTION_CLASS" : "SPC"
    },
    "type" : "skills",
    "begin" : 340,
    "end" : 353,
    "inCoref" : false
  }, {
    "id" : "s1-m12",
    "properties" : {
      "SIRE_MENTION_ROLE" : "skills",
      "SIRE_ENTITY_SUBTYPE" : "NONE",
      "SIRE_MENTION_TYPE" : "NONE",
      "SIRE_MENTION_CLASS" : "SPC"
    },
    "type" : "skills",
    "begin" : 356,
    "end" : 372,
    "inCoref" : false
  }, {
    "id" : "s1-m13",
    "properties" : {
      "SIRE_MENTION_ROLE" : "skills",
      "SIRE_ENTITY_SUBTYPE" : "NONE",
      "SIRE_MENTION_TYPE" : "NONE",
      "SIRE_MENTION_CLASS" : "SPC"
    },
    "type" : "skills",
    "begin" : 375,
    "end" : 388,
    "inCoref" : false
  }, {
    "id" : "s1-m14",
    "properties" : {
      "SIRE_MENTION_ROLE" : "skills",
      "SIRE_ENTITY_SUBTYPE" : "NONE",
      "SIRE_MENTION_TYPE" : "NONE",
      "SIRE_MENTION_CLASS" : "SPC"
    },
    "type" : "skills",
    "begin" : 391,
    "end" : 406,
    "inCoref" : false
  }, {
    "id" : "s1-m15",
    "properties" : {
      "SIRE_MENTION_ROLE" : "skills",
      "SIRE_ENTITY_SUBTYPE" : "NONE",
      "SIRE_MENTION_TYPE" : "NONE",
      "SIRE_MENTION_CLASS" : "SPC"
    },
    "type" : "skills",
    "begin" : 409,
    "end" : 424,
    "inCoref" : false
  }, {
    "id" : "s2-m1",
    "properties" : {
      "SIRE_MENTION_ROLE" : "skills",
      "SIRE_ENTITY_SUBTYPE" : "NONE",
      "SIRE_MENTION_TYPE" : "NONE",
      "SIRE_MENTION_CLASS" : "SPC"
    },
    "type" : "skills",
    "begin" : 427,
    "end" : 436,
    "inCoref" : false
  }, {
    "id" : "s2-m2",
    "properties" : {
      "SIRE_MENTION_ROLE" : "skills",
      "SIRE_ENTITY_SUBTYPE" : "NONE",
      "SIRE_MENTION_TYPE" : "NONE",
      "SIRE_MENTION_CLASS" : "SPC"
    },
    "type" : "skills",
    "begin" : 439,
    "end" : 447,
    "inCoref" : false
  }, {
    "id" : "s2-m3",
    "properties" : {
      "SIRE_MENTION_ROLE" : "skills",
      "SIRE_ENTITY_SUBTYPE" : "NONE",
      "SIRE_MENTION_TYPE" : "NONE",
      "SIRE_MENTION_CLASS" : "SPC"
    },
    "type" : "skills",
    "begin" : 450,
    "end" : 459,
    "inCoref" : false
  }, {
    "id" : "s3-m1",
    "properties" : {
      "SIRE_MENTION_ROLE" : "skills",
      "SIRE_ENTITY_SUBTYPE" : "NONE",
      "SIRE_MENTION_TYPE" : "NONE",
      "SIRE_MENTION_CLASS" : "SPC"
    },
    "type" : "skills",
    "begin" : 486,
    "end" : 499,
    "inCoref" : false
  }, {
    "id" : "s3-m2",
    "properties" : {
      "SIRE_MENTION_ROLE" : "skills",
      "SIRE_ENTITY_SUBTYPE" : "NONE",
      "SIRE_MENTION_TYPE" : "NONE",
      "SIRE_MENTION_CLASS" : "SPC"
    },
    "type" : "skills",
    "begin" : 502,
    "end" : 505,
    "inCoref" : false
  }, {
    "id" : "s3-m3",
    "properties" : {
      "SIRE_MENTION_ROLE" : "skills",
      "SIRE_ENTITY_SUBTYPE" : "NONE",
      "SIRE_MENTION_TYPE" : "NONE",
      "SIRE_MENTION_CLASS" : "SPC"
    },
    "type" : "skills",
    "begin" : 508,
    "end" : 514,
    "inCoref" : false
  }, {
    "id" : "s3-m4",
    "properties" : {
      "SIRE_MENTION_ROLE" : "skills",
      "SIRE_ENTITY_SUBTYPE" : "NONE",
      "SIRE_MENTION_TYPE" : "NONE",
      "SIRE_MENTION_CLASS" : "SPC"
    },
    "type" : "skills",
    "begin" : 517,
    "end" : 521,
    "inCoref" : false
  }, {
    "id" : "s3-m5",
    "properties" : {
      "SIRE_MENTION_ROLE" : "skills",
      "SIRE_ENTITY_SUBTYPE" : "NONE",
      "SIRE_MENTION_TYPE" : "NONE",
      "SIRE_MENTION_CLASS" : "SPC"
    },
    "type" : "skills",
    "begin" : 524,
    "end" : 537,
    "inCoref" : false
  }, {
    "id" : "s3-m6",
    "properties" : {
      "SIRE_MENTION_ROLE" : "skills",
      "SIRE_ENTITY_SUBTYPE" : "NONE",
      "SIRE_MENTION_TYPE" : "NONE",
      "SIRE_MENTION_CLASS" : "SPC"
    },
    "type" : "skills",
    "begin" : 540,
    "end" : 555,
    "inCoref" : false
  }, {
    "id" : "s4-m1",
    "properties" : {
      "SIRE_MENTION_ROLE" : "skills",
      "SIRE_ENTITY_SUBTYPE" : "NONE",
      "SIRE_MENTION_TYPE" : "NONE",
      "SIRE_MENTION_CLASS" : "SPC"
    },
    "type" : "skills",
    "begin" : 576,
    "end" : 580,
    "inCoref" : false
  }, {
    "id" : "s4-m2",
    "properties" : {
      "SIRE_MENTION_ROLE" : "skills",
      "SIRE_ENTITY_SUBTYPE" : "NONE",
      "SIRE_MENTION_TYPE" : "NONE",
      "SIRE_MENTION_CLASS" : "SPC"
    },
    "type" : "skills",
    "begin" : 583,
    "end" : 586,
    "inCoref" : false
  }, {
    "id" : "s4-m3",
    "properties" : {
      "SIRE_MENTION_ROLE" : "skills",
      "SIRE_ENTITY_SUBTYPE" : "NONE",
      "SIRE_MENTION_TYPE" : "NONE",
      "SIRE_MENTION_CLASS" : "SPC"
    },
    "type" : "skills",
    "begin" : 589,
    "end" : 592,
    "inCoref" : false
  }, {
    "id" : "s4-m4",
    "properties" : {
      "SIRE_MENTION_ROLE" : "skills",
      "SIRE_ENTITY_SUBTYPE" : "NONE",
      "SIRE_MENTION_TYPE" : "NONE",
      "SIRE_MENTION_CLASS" : "SPC"
    },
    "type" : "skills",
    "begin" : 595,
    "end" : 598,
    "inCoref" : false
  }, {
    "id" : "s4-m5",
    "properties" : {
      "SIRE_MENTION_ROLE" : "skills",
      "SIRE_ENTITY_SUBTYPE" : "NONE",
      "SIRE_MENTION_TYPE" : "NONE",
      "SIRE_MENTION_CLASS" : "SPC"
    },
    "type" : "skills",
    "begin" : 601,
    "end" : 611,
    "inCoref" : false
  }, {
    "id" : "s5-m1",
    "properties" : {
      "SIRE_MENTION_ROLE" : "skills",
      "SIRE_ENTITY_SUBTYPE" : "NONE",
      "SIRE_MENTION_TYPE" : "NONE",
      "SIRE_MENTION_CLASS" : "SPC"
    },
    "type" : "skills",
    "begin" : 614,
    "end" : 630,
    "inCoref" : false
  }, {
    "id" : "s5-m2",
    "properties" : {
      "SIRE_MENTION_ROLE" : "skills",
      "SIRE_ENTITY_SUBTYPE" : "NONE",
      "SIRE_MENTION_TYPE" : "NONE",
      "SIRE_MENTION_CLASS" : "SPC"
    },
    "type" : "skills",
    "begin" : 633,
    "end" : 656,
    "inCoref" : false
  }, {
    "id" : "s5-m3",
    "properties" : {
      "SIRE_MENTION_ROLE" : "skills",
      "SIRE_ENTITY_SUBTYPE" : "NONE",
      "SIRE_MENTION_TYPE" : "NONE",
      "SIRE_MENTION_CLASS" : "SPC"
    },
    "type" : "skills",
    "begin" : 659,
    "end" : 675,
    "inCoref" : false
  }, {
    "id" : "s5-m4",
    "properties" : {
      "SIRE_MENTION_ROLE" : "skills",
      "SIRE_ENTITY_SUBTYPE" : "NONE",
      "SIRE_MENTION_TYPE" : "NONE",
      "SIRE_MENTION_CLASS" : "SPC"
    },
    "type" : "skills",
    "begin" : 678,
    "end" : 692,
    "inCoref" : false
  }, {
    "id" : "s5-m5",
    "properties" : {
      "SIRE_MENTION_ROLE" : "skills",
      "SIRE_ENTITY_SUBTYPE" : "NONE",
      "SIRE_MENTION_TYPE" : "NONE",
      "SIRE_MENTION_CLASS" : "SPC"
    },
    "type" : "skills",
    "begin" : 695,
    "end" : 703,
    "inCoref" : false
  }, {
    "id" : "s5-m6",
    "properties" : {
      "SIRE_MENTION_ROLE" : "skills",
      "SIRE_ENTITY_SUBTYPE" : "NONE",
      "SIRE_MENTION_TYPE" : "NONE",
      "SIRE_MENTION_CLASS" : "SPC"
    },
    "type" : "skills",
    "begin" : 706,
    "end" : 726,
    "inCoref" : false
  }, {
    "id" : "s6-m1",
    "properties" : {
      "SIRE_MENTION_ROLE" : "Projects",
      "SIRE_ENTITY_SUBTYPE" : "University_Projects",
      "SIRE_MENTION_TYPE" : "NONE",
      "SIRE_MENTION_CLASS" : "SPC"
    },
    "type" : "Projects",
    "begin" : 740,
    "end" : 769,
    "inCoref" : false
  }, {
    "id" : "s6-m2",
    "properties" : {
      "SIRE_MENTION_ROLE" : "Projects",
      "SIRE_ENTITY_SUBTYPE" : "State_level_Project",
      "SIRE_MENTION_TYPE" : "NONE",
      "SIRE_MENTION_CLASS" : "SPC"
    },
    "type" : "Projects",
    "begin" : 905,
    "end" : 933,
    "inCoref" : false
  }, {
    "id" : "s8-m1",
    "properties" : {
      "SIRE_MENTION_ROLE" : "Projects",
      "SIRE_ENTITY_SUBTYPE" : "State_level_Project",
      "SIRE_MENTION_TYPE" : "NONE",
      "SIRE_MENTION_CLASS" : "SPC"
    },
    "type" : "Projects",
    "begin" : 1053,
    "end" : 1134,
    "inCoref" : false
  }, {
    "id" : "s9-m1",
    "properties" : {
      "SIRE_MENTION_ROLE" : "Achievements",
      "SIRE_ENTITY_SUBTYPE" : "Certifications",
      "SIRE_MENTION_TYPE" : "NONE",
      "SIRE_MENTION_CLASS" : "SPC"
    },
    "type" : "Achievements",
    "begin" : 1349,
    "end" : 1389,
    "inCoref" : false
  }, {
    "id" : "s9-m2",
    "properties" : {
      "SIRE_MENTION_ROLE" : "Achievements",
      "SIRE_ENTITY_SUBTYPE" : "Certifications",
      "SIRE_MENTION_TYPE" : "NONE",
      "SIRE_MENTION_CLASS" : "SPC"
    },
    "type" : "Achievements",
    "begin" : 1417,
    "end" : 1450,
    "inCoref" : false
  }, {
    "id" : "s9-m3",
    "properties" : {
      "SIRE_MENTION_ROLE" : "Achievements",
      "SIRE_ENTITY_SUBTYPE" : "Certifications",
      "SIRE_MENTION_TYPE" : "NONE",
      "SIRE_MENTION_CLASS" : "SPC"
    },
    "type" : "Achievements",
    "begin" : 1478,
    "end" : 1504,
    "inCoref" : false
  }, {
    "id" : "s9-m4",
    "properties" : {
      "SIRE_MENTION_ROLE" : "Achievements",
      "SIRE_ENTITY_SUBTYPE" : "Certifications",
      "SIRE_MENTION_TYPE" : "NONE",
      "SIRE_MENTION_CLASS" : "SPC"
    },
    "type" : "Achievements",
    "begin" : 1532,
    "end" : 1580,
    "inCoref" : false
  }, {
    "id" : "s10-m1",
    "properties" : {
      "SIRE_MENTION_ROLE" : "Achievements",
      "SIRE_ENTITY_SUBTYPE" : "Awards",
      "SIRE_MENTION_TYPE" : "NONE",
      "SIRE_MENTION_CLASS" : "SPC"
    },
    "type" : "Achievements",
    "begin" : 1599,
    "end" : 1608,
    "inCoref" : false
  }, {
    "id" : "s10-m2",
    "properties" : {
      "SIRE_MENTION_ROLE" : "Achievements",
      "SIRE_ENTITY_SUBTYPE" : "Awards",
      "SIRE_MENTION_TYPE" : "NONE",
      "SIRE_MENTION_CLASS" : "SPC"
    },
    "type" : "Achievements",
    "begin" : 1681,
    "end" : 1690,
    "inCoref" : false
  }, {
    "id" : "s10-m3",
    "properties" : {
      "SIRE_MENTION_ROLE" : "Achievements",
      "SIRE_ENTITY_SUBTYPE" : "Awards",
      "SIRE_MENTION_TYPE" : "NONE",
      "SIRE_MENTION_CLASS" : "SPC"
    },
    "type" : "Achievements",
    "begin" : 1753,
    "end" : 1762,
    "inCoref" : false
  }, {
    "id" : "s11-m1",
    "properties" : {
      "SIRE_MENTION_ROLE" : "Achievements",
      "SIRE_ENTITY_SUBTYPE" : "NONE",
      "SIRE_MENTION_TYPE" : "NONE",
      "SIRE_MENTION_CLASS" : "SPC"
    },
    "type" : "Achievements",
    "begin" : 1844,
    "end" : 1935,
    "inCoref" : false
  }, {
    "id" : "s11-m2",
    "properties" : {
      "SIRE_MENTION_ROLE" : "Achievements",
      "SIRE_ENTITY_SUBTYPE" : "NONE",
      "SIRE_MENTION_TYPE" : "NONE",
      "SIRE_MENTION_CLASS" : "SPC"
    },
    "type" : "Achievements",
    "begin" : 1938,
    "end" : 2030,
    "inCoref" : false
  }, {
    "id" : "s11-m3",
    "properties" : {
      "SIRE_MENTION_ROLE" : "Achievements",
      "SIRE_ENTITY_SUBTYPE" : "NONE",
      "SIRE_MENTION_TYPE" : "NONE",
      "SIRE_MENTION_CLASS" : "SPC"
    },
    "type" : "Achievements",
    "begin" : 2034,
    "end" : 2129,
    "inCoref" : false
  }, {
    "id" : "s12-m1",
    "properties" : {
      "SIRE_MENTION_ROLE" : "Achievements",
      "SIRE_ENTITY_SUBTYPE" : "NONE",
      "SIRE_MENTION_TYPE" : "NONE",
      "SIRE_MENTION_CLASS" : "SPC"
    },
    "type" : "Achievements",
    "begin" : 2185,
    "end" : 2200,
    "inCoref" : false
  }, {
    "id" : "s12-m2",
    "properties" : {
      "SIRE_MENTION_ROLE" : "Achievements",
      "SIRE_ENTITY_SUBTYPE" : "NONE",
      "SIRE_MENTION_TYPE" : "NONE",
      "SIRE_MENTION_CLASS" : "SPC"
    },
    "type" : "Achievements",
    "begin" : 2273,
    "end" : 2294,
    "inCoref" : false
  }, {
    "id" : "s12-m3",
    "properties" : {
      "SIRE_MENTION_ROLE" : "Achievements",
      "SIRE_ENTITY_SUBTYPE" : "NONE",
      "SIRE_MENTION_TYPE" : "NONE",
      "SIRE_MENTION_CLASS" : "SPC"
    },
    "type" : "Achievements",
    "begin" : 2383,
    "end" : 2428,
    "inCoref" : false
  }, {
    "id" : "s13-m1",
    "properties" : {
      "SIRE_MENTION_ROLE" : "Languages",
      "SIRE_ENTITY_SUBTYPE" : "NONE",
      "SIRE_MENTION_TYPE" : "NONE",
      "SIRE_MENTION_CLASS" : "SPC"
    },
    "type" : "Languages",
    "begin" : 2490,
    "end" : 2497,
    "inCoref" : false
  }, {
    "id" : "s13-m2",
    "properties" : {
      "SIRE_MENTION_ROLE" : "Languages",
      "SIRE_ENTITY_SUBTYPE" : "NONE",
      "SIRE_MENTION_TYPE" : "NONE",
      "SIRE_MENTION_CLASS" : "SPC"
    },
    "type" : "Languages",
    "begin" : 2498,
    "end" : 2503,
    "inCoref" : false
  }, {
    "id" : "s13-m3",
    "properties" : {
      "SIRE_MENTION_ROLE" : "Languages",
      "SIRE_ENTITY_SUBTYPE" : "NONE",
      "SIRE_MENTION_TYPE" : "NONE",
      "SIRE_MENTION_CLASS" : "SPC"
    },
    "type" : "Languages",
    "begin" : 2504,
    "end" : 2510,
    "inCoref" : false
  } ],
  "relations" : [ ],
  "corefs" : [ ],
  "typeResolved" : true,
  "userResolved" : false
}